"Loveless,Andrew",4.8
"Freeman,Scott",3.7
"Sparke,Matthew",3.5
"Koblitz,Neal",2.5
"Voorhies,Ann",4.19
"Conroy,Matthew",3.0
"Swanson,Terry",4.4
"McDermott,Lois",3.83
"Reges,Stuart",4.0
"Bekyel,Ebru",3.14
"Taggart,Jennifer",4.3
"Salehi-Esfahani,Haideh",3.3
"Passer,Michael",4.3
"Brown,Jonathon D",3.0
"Carroll,Andrea",3.4
"Ellis,Greg",3.3
"Craig,Colleen",3.9
"Silberberg,Eugene",2.21
"Bilgen,Tolga",4.32
"Weiss,Joe",2.05
"Nichifor,Alexandra",4.7
"Schwartz,Pepper",2.19
"Pedigo,Daryl",3.0
"Reid,James",1.95
"Pickrell,Jacqueline",4.4
"Bryant,Jasmine",4.5
"Stepp,Marty",4.5
"So,Connie",4.0
"McGarrity,Laura",4.2
"Smith,Toby",4.5
"Ostroff,Jonah",4.8
"Wiegand,Deborah",2.68
"Zoller,William",2.76
"Gill,Anthony",4.3
"Pitchford,Susan",3.4
"Petersen,Karen",3.2
"Harrison,Rob",3.8
"Daruwala,Khushroo",4.27
"Domke,David",4.36
"Norman,Joseph",2.8
"Callis,James",2.01
"Graham,Lauren",4.7
"Wellman,James",3.9
"King,Kevin",4.23
"Andersen,Niels",3.3
"Efimov,Vitaly",4.01
"Huwe,Ruth",3.3
"Wender,Jonathan",4.5
"Sefcik,Steve",3.8
"Schivell,Mandy",4.2
"Robinson,Bruce",2.0
"McLaughlin,Judith",4.7
"Mercer,Jonathan",4.6
"O'Dea,Dennis",2.9
"Coutu,Lisa",3.97
"Perkins,Patrick",3.8
"Searle,Leroy",3.0
"Ginger,David",3.2
"Chiu,Daniel",2.71
"Diaz,Jaime",4.6
"McCormack,Timothy",4.0
"Reid,Philip",4.32
"Laws,Chris",4.8
"Iarocci,Louisa",2.8
"Wenderoth,Mary Pat",3.8
"Bube,Kenneth",4.66
"Larson,Ana",3.3
"Zhang,James",3.6
"Thurlow,Crispin",4.31
"Maloy,Frances",3.4
"Smith,Paul Sholto",2.3
"Olavarria,Jaime",3.6
"Parks,Malcolm",4.0
"Hanford,John",4.7
"Weis,Joseph",2.16
"Grove,Ranjini",2.1
"Martin-Morris,Linda",4.1
"Nuwer,Mikelle",3.3
"Aanerud,Rebecca",4.57
"Bergstrom,Tod",4.5
"Campbell,Charles",2.65
"Huppert,Ann",2.8
"Stuby,Thomas",4.45
"Wiggins,Ben",4.7
"Raucher,Stanley",1.8
"Oakley,Amy",3.69
"Wells,Bill",3.98
"Beam,Randy",3.5
"Demerjian,Peter",3.8
"Harnett,Erika",2.2
"Konick,Willis",4.53
"Osterhout,Lee",4.3
"Staten,Henry",3.2
"Merlino,Kathryn",4.3
"Gladycheva,Svetlana",3.5
"Hanson,Stephen",4.44
"Sasaki,Tomi",2.78
"Reinhardt,William",2.8
"Michael,Forrest",3.9
"Harris,Alexes",4.2
"Kappy,David",2.27
"Lieblich,Max",3.7
"Beard,Leta",3.4
"Turner,Jack",3.6
"Clary,Scott",4.6
"Baker,Ann",3.47
"Giffard,C. Anthony",4.49
"Robinson,Cabeiri",2.36
"Kramer,Patricia",4.2
"Maly,Dustin",4.2
"Schellinger,Joan",2.07
"Herbert,Steve",4.5
"Kirk,Elizabeth",4.1
"Burdzy,Krzysztof",4.3
"Ou,Shaosong",3.8
"Kenney,Nancy",4.4
"Yuan,Yu",2.7
"Crutchfield,Robert",4.0
"Bachman,David",3.2
"Widdison,Elizabeth",3.75
"Warner,Garth",2.8
"Gelb,Michael",2.0
"Marshall,Donald",3.6
"Cardoso,Tamre",2.7
"Whelan,Jack",3.9
"Pezzoli,Elena",3.6
"Studer-Ellis,Erich",4.5
"Zhang,Jon",4.8
"Perez,Michael Vicente",4.3
"Doherty,Jennifer",2.2
"Bonus,Enrique",4.15
"Leonesio,Jacob",3.08
"Underwood,Doug",2.5
"Gonzalez,Jorge",3.1
"Mayer,Jonathan",3.1
"McGarrity,Matt",4.8
"Dumitriu,Ioana",4.5
"Speed,Clarke",3.07
"Fox,Tyler",2.4
"Lagos,Taso",3.0
"Chernicoff,Stan",4.99
"Garcia,Alejandro",3.9
"Rice,Kolya",4.5
"Li,Xiaosong",3.6
"Nishikawa,Itsuko",3.2
"Little,Laura",3.9
"Pal,Soumik",3.0
"Boydston,Andrew",4.4
"Korn,Steve",4.9
"Marzban,Caren",2.9
"Cheng,Karen",3.2
"Di Stefano,Christine",3.33
"Mayerfeld,Jamie",3.9
"Depies,Matthew",4.0
"Reich,Jane",3.5
"Blank,Adam",4.5
"Collingwood,David",3.6
"Stroup,Sarah",3.2
"Stansbury,Heather",4.7
"Surek-Clark,Clarissa",2.45
"Draper,Moon",4.0
"Boiko,Bob",2.8
"Behlmer,George",3.9
"Anderson,Denise",3.6
"Kushnick,Geoffrey",3.71
"Tolich,Nikolai",4.5
"Duchamp,Thomas",2.9
"Griffith,John",4.2
"Hodge,Frank",4.91
"Obourn,Allison",2.6
"Paperman,Joseph",2.8
"Ohta,Kaoru",3.8
"Harford,Jarrad",4.5
"Minai,Barry",4.1
"Barker,Holly",4.86
"Whiting,Susan",2.65
"Hankinson-Nelson,Lynn",4.36
"Pilcher,Martha",2.92
"Miller,Dana",1.8
"Souders,Michael",3.9
"O'Neill,John",3.9
"Lin,Zhi",3.15
"Ahlbach,Connor",4.3
"Fraser,Oliver",4.0
"Thurtle,Phillip",4.5
"Felak,James",4.1
"Nishanov,Vitaly",3.8
"Cockrell,Andrew",4.1
"Martin,Helene",4.36
"Cooper,Jacob",4.83
"Golingo,Raymond",2.6
"Peckol,James",3.62
"Kasaba,Resat",4.3
"Bradshaw,Toby",2.84
"Casteras,Susan",4.01
"Jones,Julia",2.8
"Nelson,Dana",4.2
"Turnovsky,Michelle",2.4
"Harrell,Michael",3.3
"Blinov,Boris",3.76
"Prat,Chantel",4.78
"Vaughan,Joshua",3.9
"Braester,Yomi",3.21
"Jonas,Raymond",4.27
"Judd,Hugh",3.48
"Gregory,James",4.3
"Tatta,Sabrina",4.3
"Chapman,Rachael",3.3
"Zafer,Hamza",4.8
"Smith,Mark A",4.0
"Vogt,Kristiina",4.3
"Johnson,Jessica",4.4
"Sylvester,John",3.05
"Wilson,Denise",2.4
"Beecher,Michael",4.0
"Block,Richard",4.0
"Limketkai,Benson",3.81
"Gairola,Rahul",4.47
"Leiren,Terje",4.0
"Dawson,Robert",4.58
"Yasin,Ekin",3.8
"McNichols,Nicole",4.0
"Seales,Marc",1.8
"Moy,Patricia",2.48
"Silver,David",4.52
"Leffler,Keith",2.65
"Perkins,Hal",3.8
"Chun,Debbie",4.6
"Beckett,Katherine",3.9
"Kutz,Nathan",4.6
"Pittack,Catrin",4.05
"Weller,Cass",2.3
"Adams,Helen",2.73
"Rohde,Steffen",4.3
"Escalera,Gibran",2.5
"Tolich,Kazumi",4.3
"Pollack,Daniel",4.0
"Moore,Adam",4.48
"Popov,Nikolai",2.97
"Henry,Barbara",4.5
"Burstein,Jessica",3.2
"Dubois,Ia",4.1
"Spyridis,Greg",2.77
"Eicher,Theo",3.9
"Lee,Regina",3.3
"Knox,Melissa",3.4
"Anderson,Alex",4.3
"Salas,Elizabeth",2.33
"Rathod,Pradip",2.62
"Dong,Madeleine",3.2
"Nesbitt,Liz",2.86
"Chon,Izic",3.72
"Martin,Gary",4.5
"Weber,Elizabeth",4.8
"Goussiou,Anna",2.5
"Dooley,Frederick",3.2
"Fung,Zorah",4.4
"Thorpe,Rebecca",4.0
"Lingo,Stuart",4.4
"Guzman,Gonzalo",4.7
"Dickey,Martin",1.87
"Green,James",4.79
"Gammon,Richard",3.29
"Andreev,",3.64
"Xia,Younan",1.89
"Berryman,Jack",3.0
"Dearing,Thomas",3.37
"Parker,Christopher",3.6
"Hochberg,Lee",3.8
"Manchak,John",4.61
"Urbanski,Charity",4.1
"Modhurima,Orchi",4.39
"Requejo,Alberto",3.6
"Talbott,William",4.0
"Beyers,Bill",2.72
"Brown,Michael",3.8
"Tweedie,James",4.1
"Joshel,Sandra",4.3
"Butwin,Joseph",3.3
"Giblin,Alexia",4.06
"Buchwitz,Brian",4.3
"Matthews,Martha",4.4
"De Leon,Jason",4.35
"Gurarie,Eliezer",2.31
"Elangovan,Arumugasamy",2.24
"Franco,Paul",3.5
"Collier,Tom",3.3
"McGovern,William",4.58
"Collins,Doug",1.6
"McDavid,Brad",4.52
"Dudley,Shannon",3.54
"Fitzhugh,Ben",3.8
"Cramer,John",2.33
"Jarosz,Lucy",2.27
"Strickland,Richard",3.04
"Engel,Tom",2.37
"Litfin,Karen",2.9
"Roy,Sumit",1.3
"Drobny,Gary",3.3
"Debray,Natalie",3.54
"Patterson,Christopher",4.33
"Van Volkenburgh,Liz",1.87
"Cao,Yuqing",4.0
"Ruckert,Jolina",4.3
"Pena,Devon",2.73
"Wadden,Doug",2.3
"Philipsen,Gerry",3.7
"Black,Al",2.94
"Walker,Joel",4.4
"Eisenberg,Mike",4.74
"Wilkes,Jeff",2.18
"Brody,David",4.5
"Blake,Michael",4.3
"Maring,Bayta",4.64
"Tanimoto,Steve",2.04
"Ingebritsen,Christine",3.54
"Lucero,Jose",4.64
"Helterbrand,Ryan",4.8
"Borys,Ann",1.72
"Gilmore,Jason",4.72
"Warren,Jack",5.0
"Epiotis,Nick",2.65
"Laufenberg,Henry",3.8
"Sullivan,John",4.27
"Moore,Ronald",4.4
"Lind,Doug",4.73
"Di Stilio,Veronica",2.42
"Ogihara,Toshiyuki",2.67
"Lovell,George",4.12
"Tokuno,Kyoko",3.2
"O'Neil,Mary",3.5
"McMains,Juliet",3.1
"Strettoi,Cecilia",4.5
"Chaloupka,Vladimir",2.6
"Mamani,Hamed",4.7
"Constant,Alexander",4.48
"Heinekey,Dennis",3.0
"Fan,Yang",4.8
"Zane,Ariel",2.81
"Stephany,Aurora ",3.4
"Jecker,Nancy",3.9
"Osanloo,Arzoo",3.7
"Walker,Jamie",3.39
"Bi,Nyan Ping",4.26
"Hevly,Bruce",4.17
"Johnson,Richard",3.91
"Stacey,Robin",4.22
"Tihanyi,Timea",3.0
"Rosenthal,Michael A.",4.0
"Weigle,Scott",4.78
"Fearn-Banks,Kathleen",1.6
"Kerr,Ben",4.87
"Kiser,Edgar",4.4
"Shulman,Jeffrey",2.87
"Pettinicchio,David",4.07
"Sunardi,Christina",4.5
"Smidchens,Guntis",3.8
"Frierson,Dargan",4.0
"Malone,Jennifer",5.0
"Pereira,Javier",4.46
"Taylor,Matthew",4.0
"Garland,Alaina",3.8
"Bennett,Lance",3.59
"Goldman,Lawrence",4.3
"Burt,Ryan",4.48
"Jeck,Doug",3.4
"Caparaso,",2.95
"Burstein,Paul",2.91
"Pfaff,Steven",3.61
"Laird,Margaret",3.91
"Barash,David",3.57
"Rygh,Todd",1.8
"Liu,Michelle",4.6
"Sumida,Stephen",4.66
"Rothberg,Joseph",2.36
"Varani,Gabriele",3.6
"Han,Bo",3.54
"Roberts,Jean",2.6
"Harrell,Stevan",3.25
"Foster,Thomas",4.2
"Hole,Ben",4.4
"Straumanis,Andrei",3.14
"Wieczorek,Marek",4.3
"Cheng,Lillian",2.48
"Borah,Abhishek",4.6
"Saxena,Aayush",4.6
"Prakash,Vikram",3.9
"Tolnay,Stewart",4.8
"Martina Morris,Wanda",1.25
"Ohta,Amy",3.84
"Kier,Elizabeth",4.1
"Medlar,Deborah",3.3
"Pyle,Kenneth",4.26
"Mass,Cliff",4.0
"Loftus,Geoffrey",2.86
"Taranath,Anu",4.8
"Cummings,Kate",4.7
"Remley,Paul",4.0
"Shores,D.",3.19
"Bilaniuk,Laada",3.76
"Bauman,Yoram",4.1
"Lee,Jane",4.45
"Raneda-Cuartero,Inma",4.0
"Cherniavsky,Eva",3.74
"Ellingson,Ter",2.43
"Patel,Dinsh",2.6
"Kielbowicz,Richard",4.7
"Hannah,Joseph",4.02
"Proksch,Gundula",3.31
"Zhang,Bo",2.6
"Chen,Tai-Chang",3.7
"Mexica,Cuauhtemoc",4.67
"Hertzog,David",4.45
"Wheat,Elizabeth",4.4
"Allan,Graham G.",1.7
"Pearce,Katy",2.6
"Palmieri,John",3.88
"Nyasulu,Frazier",2.75
"Simpson,Roger",3.0
"Anagnost,Anne",3.9
"Kuru,Selim",3.7
"Bonjean,Elizabeth",4.18
"Manusov,Valerie",3.3
"Abrams,Robert",3.8
"Devinatz,Ethan",3.6
"Prezhdo,Oleg",1.95
"Lawson,Victoria",4.3
"Sinkler,Adrian",4.13
"Kochin,Levis",2.7
"Milakis,Emmanouil",4.0
"Clements,Darleen",3.15
"McPherson,Richard",3.3
"Bulgac,Aurel",2.58
"Begun,Jeffrey",3.75
"Laporte,Charles",4.8
"Wolff,Hendrik",3.7
"Prakash,Aseem",4.3
"Caporaso,James",3.3
"Scholz,Friedrich",1.6
"Scott,Terry",4.8
"Meister,Cecile",3.75
"Straus,Kristi",4.3
"McCoy,Anne Bowen",2.38
"Keller,Sarah",4.5
"Morita,June",4.1
"Mahadevan,Sudhir",3.9
"Bogel,Cynthea",2.84
"Dumas,Bob",3.34
"Zagona,Karen",2.8
"Matsumoto,Dawn",4.42
"Gautschi,Frederick",4.05
"Eck,Gerald",3.37
"Stout,Edgar",2.42
"Zhang,Miqin",3.42
"Yee,Shirley",4.3
"Caplow,Deborah",2.6
"Murakawa,Naomi",4.63
"Warren,Adam",4.2
"Kashima,Tetsuden",3.68
"McNair,Andrew",4.32
"Simpson,Caroline",4.53
"Johnson,Jay",3.47
"Paun,Dorothy",3.37
"Radnitz,Scott",4.03
"Meyer,Mahlon",4.42
"Yanci,Estefania",4.87
"Topper,Kathryn",3.9
"Bunn-Marcuse,Kathryn",4.0
"Giebel,Christoph",4.7
"Brown,Jonathon A",4.24
"Covey,Ellen",2.0
"Rodriguez-Silva,Ileana",4.0
"Gee,Jeramy",3.37
"Chude-Sokei,Louis",3.5
"Martin,Ruth A.",4.3
"Zygutis,Linda",4.8
"Lalic,Gojko",3.8
"Sultan,Syed Galib",4.45
"Schick,Michael",2.5
"Smarr,Benjamin",3.87
"Anthony,Ryan",2.8
"Wakimoto,Barbara",2.1
"Scribner,Rocne",5.0
"Brumback,Lyndia ",1.71
"Herron,Jon",4.8
"Warren,Jonathan",1.7
"Averbeck,Patrick",4.28
"Thomas,Rekha",4.31
"Nomura,Gail",4.0
"Kwiram,Alvin",2.56
"Greene,Robin",4.75
"Wong,Shawn",3.2
"Chan,Kam Wing",3.0
"Migdal,Joel",4.8
"Bean,Jennifer",3.17
"Matsuda,Izumi",4.3
"Goldstein,Evan",5.0
"Turecek,Frank",2.6
"Hargus,Sharon",2.28
"Buck,Warren",3.03
"Paetzke,Adriana",4.78
"Mulcahy,Michael",2.0
"Schellenberg,Ingra",2.89
"Novik,Isabella",3.8
"Rosoff,David",3.94
"Thomas,Carol",2.92
"Ly,Uy-Loi",3.89
"Hoffman,Daniel",4.2
"Carotenuto,Gianna",2.72
"Bourbonnais,Alissa",4.8
"Kirkland,Tabitha",4.5
"Dos Reis,Fanny",2.6
"Cooper,Tamara",3.3
"Baesler,Wendy",3.5
"Bravmann,Rene",2.15
"Battisti,David",3.56
"Hakim,Greg",4.41
"Watts,Gordon",3.5
"Levay,Matthew",4.21
"Leporace,Giuseppe",4.47
"Glover,Denise",3.21
"Hess,Alan",2.91
"Moody,Bill",4.3
"Lawson,Linda",4.4
"Andresen,Third",4.2
"Shi,Lan",3.15
"Porter,Deborah",3.3
"Boynton,Paul",2.44
"Ramulu,Mamidala",2.8
"Kennedy,Michael",3.53
"Al-Saber,Samer",3.97
"Balick,Bruce",3.21
"Tanlu,Lloyd",4.65
"Bergantz,George",3.88
"Schindler,Daniel",2.9
"Heron,Paula",4.3
"Nash,Linda",4.5
"Cichowski,Rachel",4.5
"Brand,Brittany",4.12
"Iwata,Akiko",3.4
"Curtis,Steven",2.41
"Chilana,Ashvi",2.35
"Gloyd,Steve",4.0
"Menaldo,Victor",3.41
"Parameswaran,Manoj",4.7
"Hisayasu,Curtis",4.94
"Bogen,Hanna",4.74
"Naar,Devin",4.7
"Rodivilov,Alexander",3.1
"Raymond,Annie",4.76
"Long,James",4.7
"Anderson,Ruth",3.8
"Cohen,Marc",2.88
"Ducharme,Larry",2.59
"George-Falvey,Jane",2.41
"Zumbrunnen,Craig",2.13
"Laguardia,Eric",3.09
"Arms,Judith",4.06
"Goldberg,Ellis",2.8
"Diment,Galya",4.1
"Giambattista,Mike",2.56
"Mazzola,Claudio",4.3
"Borlik,Todd",4.28
"Joslyn,Susan",2.97
"Jung,Moon-Ho",4.7
"Goering,Sara",3.9
"Gallucci,Vincent",2.44
"Mediavilla,Marilís",3.9
"Friedman,Carolyn",3.8
"Belic,Bojan",4.5
"Rivenburgh,Nancy",4.8
"Alaniz,Jose",3.3
"Ibrahim,Habiba",3.38
"Mahmoud,Rania",2.44
"Kolasinski,Adam",3.5
"Hansen,Traynor",4.16
"Pekkanen,Robert",3.5
"Parichy,David",3.3
"Murr,Jonathan",4.7
"Ammirati,Joseph",4.6
"Gutierrez,Brian",4.4
"Vaught,Larry",2.69
"Reynolds,Jane",2.03
"Young,Lance",4.5
"Lee,Carolyn",3.22
"Bailkin,Jordanna",4.1
"Fong,Christina",4.0
"Callahan,Mary",3.0
"Kamen,Deborah",4.9
"O'Hara,Edgar",3.16
"Khalil,Munira",3.5
"Coler,Rhea",1.94
"Brunton,Steve",4.5
"Pittman,Lashawnda",4.38
"Chong,Erica",2.8
"Crowe,Alison",3.3
"Quay,Paul",3.7
"Brooks,Terry",3.0
"Kot,Mark",4.6
"Macklin,John",1.07
"Wibbles,Erik",4.63
"Nestingen,Andy",4.2
"Woody,Andrea",4.37
"Ward,Peter",3.37
"Levaniouk,Olga",3.63
"Toro,Tatiana",3.5
"Bright,Clare",4.07
"Michaelian,",2.43
"Rhodes,Jack",4.1
"Brines,Julie",2.6
"Davis,Larina",4.53
"Sezgin,Yuksel",4.13
"Rumph,Stephen",2.93
"Meyer,Hedwige",4.9
"Swarr,Amanda",4.5
"Simmons-O'Neill,Elizabeth",4.5
"Patoux,Jerome",3.17
"Kovacs,Julia",3.1
"Wright,Richard",3.9
"Faaland,Bruce",2.57
"Volker,Jaime",4.77
"Mema,Laureta",4.4
"Mitchell,Katharyne",4.1
"Olmstead,Marjorie",2.73
"Rorabaugh,William",3.3
"Ricci,Joe",4.53
"Camponovo,William",4.07
"Cummins,Rebecca",3.0
"Chang,Edmond",4.37
"Hol,Wim",3.07
"Molina,Yamile",4.63
"Lee,Wun Ho",2.6
"Dabiri,Dana",2.9
"Miller,Leah",2.37
"Klevit,Rachel",3.43
"Spannagel,Sabrina",3.4
"Rudnick,Dennis",4.0
"Crowder,Kyle",4.4
"Brogaard,Jonathan",4.2
"Jenner,Lars",3.9
"Duchin,Ran",4.3
"Malakoutian,Mohammad",4.3
"O'Malley,Kevin",2.1
"Flores,Rene",4.5
"Citko,Barbara",3.33
"Stearns,David",4.0
"Weatherford,Alan-Michael",5.0
"Carothers,James",1.6
"Brand,Whitaker",2.57
"Bershad,Brian",3.32
"Wacker,Norman",3.3
"Ruesink,Jennifer",3.54
"Foot,Kirsten",2.96
"Connors,Catherine",4.5
"Wilkerson,John",3.57
"Milac,Tom",4.29
"Van Rijswijk,Honni",4.61
"Knowlen,Carl",3.7
"Sands,Travis",4.18
"Yalch,Richard",2.2
"Hurley,Denzel",3.57
"Tassone,Giuseppe",4.2
"Mondal,Sharleen",4.9
"Jones,Chris",2.82
"Howard,Philip",3.46
"Pevtsova,Julia",4.14
"Markley,Phillip",3.75
"Dalcanton,Julianne",4.18
"Ozubko,Christopher",3.18
"Kimmey,Deborah",3.29
"Overaa,Roderick",3.89
"Morse,Jason",3.8
"Kahn,Peter",3.7
"Greenberg,Ralph",2.96
"Barreto,Matt",3.75
"Giles,David",3.36
"Hille Ris Lambers,Janneke",2.39
"England,Kim",3.0
"Kim,Jeansok",1.75
"Maier,Maximilian",4.61
"Menzies,Benjamin",3.54
"Jennings,Chelsea",4.5
"Bhandaru,Deepa",4.75
"Berg,Martin",2.2
"Williams,Michael",3.43
"Yu,Li Ping",4.25
"Shea-Brown,Eric",2.39
"Dechter,Aimee",3.18
"Robus,Olin",4.8
"Winter,Kristi",4.8
"Naish,Kerry",3.32
"Percinkova-Patton,Irena",4.3
"Wachter-Grene,Kirin",4.21
"Zaitseva,Valentina",4.3
"Boullet,Rene",4.8
"Goldberg,Jack",2.5
"Mitchell,William",3.3
"Lundell,Benjamin",4.89
"Leaché,Adam",4.4
"Bergamino,Jessica",1.86
"Yang,Mu-Jeung",2.6
"Zhang,Qing",1.9
"Freyholtz,Sean",3.79
"Carlson,Rachel",3.07
"Yoshida,La'akea",4.5
"Ozonder,Sener",2.89
"Quinn,Phillip",3.7
"Hill,Alex",3.6
"Forshay,Lance",4.0
"Burt,Callie",3.0
"Henderson,Mike",4.15
"Osborne,M. Scott",3.42
"Parrish,Julia",4.65
"Kahr,Bart",3.31
"Smith,Hart",3.8
"Campbell,Dean",1.88
"Knight,Roger",4.19
"Glenn,Susan",4.12
"Alexander,David",4.96
"Vechinski,Matthew",2.54
"Kaup,Monika",3.1
"Prutti,Brigitte",2.6
"Ballasone,Mary Lou",4.46
"Taradel,Ruggero",4.73
"Smoll,Frank",3.5
"Streitberger,William",3.5
"Van Dyck,Robert",2.31
"Patterson,Mark",4.5
"Moore,Collette",4.96
"Thomas,Lynn",3.5
"Hengge,Jan",4.77
"Rose,Elaina",3.38
"Nyerges,Tim",2.3
"Elwood,Sarah",4.31
"Brock,Philip",3.23
"Jain,Apurva",3.9
"Bunn,Steven",4.19
"Rosenfeld,Jake",3.62
"Evans,Betsy",3.11
"Matsueda,Ross",3.5
"Borgo,Seth",4.69
"Brockerhoff,Susan",2.2
"Skoric,Vanja",5.0
"Gardiner,Stephen",3.54
"Waddington,Ed",4.5
"Perlman,Michael",2.8
"Nelson,Charles",4.12
"Daniel,Thomas",2.7
"Delcourt,Denyse",4.0
"Garvens,Ellen",3.12
"Findlay,John",4.7
"Korynta,Kyle",4.23
"Burnett,Rebecca",4.73
"Lundberg,Clark",4.54
"Stecher,Marianne",4.2
"Palmer,Geoff",4.92
"Marini,Melissa",4.23
"Secula,Nicole",2.62
"Thornton,Judith",3.92
"Drpic,Ivan",4.69
"Chan,Kenneth",3.6
"Oxborrow,David",4.62
"YE,Xiaofeng",2.6
"Baland,Shawn",2.69
"Quinn,Kevin",4.5
"Sverdlov,Serge",4.1
"Muxin,Zhai",2.42
"Mitchell,Kimberly",5.0
"Holt,Bradley",3.0
"Yang,Anand",3.8
"Withers,Suzanne",4.62
"Stacey,Robert",4.83
"Greulich,Francis",2.83
"Phillips,James",4.33
"Govedare,Philip",4.4
"Hadjimichalakis,Michael",3.29
"Soldanova,Jaroslava",4.21
"Shen,I.Y.",4.5
"Lara,Jimmie",3.5
"Hamilton,Gary",3.7
"Bradford,William",3.0
"Ceccarelli,Leah",3.75
"Levi,Margaret",2.46
"Adolph,Chris",3.8
"Joseph,Ralina",4.5
"Harkins,Gillian",4.3
"Young,Glennys",2.5
"Trujillo,Simon",3.17
"Dundon,Ariana",3.9
"Kaiser,Cheryl",3.04
"Herum,Ashley",2.58
"Vu,Cuong",3.13
"Aldridge,Edith",3.3
"Crnkovic,Gordana",4.5
"Bright,Eric",4.63
"Smorodinsky,Maya",4.54
"Muller,Alan",3.17
"Kapteyn,Jessica",4.25
"Meyer,Andy",4.54
"Agol,Eric",4.0
"Wang,Dan",2.62
"Barzilai,Gad",3.38
"Patterson,Terris",3.42
"Wang,Haicheng",3.6
"Khakimova,Guzel",1.79
"Jaccard,Erik",4.42
"Kaufman,Mitch",4.79
"Bitz,Cecilia",3.42
"Ewanick,Shannon",4.2
"Deines,Alyson",2.83
"Lambacher,Jason",3.8
"Sjavik,Jan",4.63
"Latsch,Wolfram",5.0
"Gray,Kendall",4.2
"MacKenzie,Louisa",4.8
"George,Laurie",4.0
"Newman,Jodi",5.0
"Kim,Eunice",5.0
"Bright,Ido",2.25
"Glass Hastings,Cassady",4.83
"Hunter,Max",4.17
"Hay,Greg",3.6
"Mackenzie,Sara",3.8
"Cook,Caley",3.0
"Sonnenberg,Bettina",2.75
"Hasegawa,Kazumi",2.5
"Wiggins,Paul",2.0
"Robbins,Blaine",4.0
"Frost,Ann",4.5
"Lavely,William",2.58
"Tewari,Vasu",4.8
"Blake,Kathleen",2.64
"Mamishev,Alexander",2.77
"Zahorjan,John",3.36
"Westwater,John",2.23
"Schurr,Michael",2.27
"Vogt,Daniel",3.36
"Klotz,Karrin",2.86
"Tupper,Kari",4.0
"Anderson,Leif",4.59
"Weinbaum,Alys",4.3
"Schneider,David",2.64
"Morgan,Paige",4.64
"Herb,Michael",4.18
"Durran,Dale",2.32
"Walker,Cody",4.95
"Cinotto,Rhonda",4.5
"Henderson,Mae",3.55
"Gillis-Bridges,Kimberlee",3.77
"Eguchi,Mike",4.1
"Wassink,Alicia",4.3
"Wright,Robin",3.05
"Ha,James",4.36
"Pianko,Noam",3.55
"Wright,Mary",1.73
"Thornton,Joel",4.18
"Mukherjee,Sharmila",4.2
"James,Emily",4.68
"Wiseman,Wendy",3.55
"Sullivan,Woodruff",3.36
"Cohen,Sarah",3.68
"Sugden,Evan",2.9
"Anderson,Don",4.68
"Novotny,Patricia",2.8
"Brown,Jane",2.55
"Oliveri,Vincent",3.6
"Jones,Thomas",2.68
"Siegel,Andrew",4.2
"Lingo,Estelle",4.27
"Prager,James",3.05
"Marwick,Benjamin",4.36
"Caldieraro,Fabio",2.68
"Cooper,Mark",3.77
"Cote,Charlotte",4.4
"Boyd,Kathleen",4.77
"Gale,Ann",3.1
"Handel,Zev",4.8
"Starr,Larry",2.8
"Hattar,Talal",2.82
"Pedersen,Alice",4.8
"Anantram,Manjeri",2.7
"Dougherty,Dawn",4.41
"Treser,Charles",3.7
"Harold,Christine",3.68
"Eger,Maureen",3.09
"Rafael,Vicente",3.59
"Ng,Kara",2.5
"Kapur,Kailash",2.59
"Chiecchio,Alberto",3.64
"Holmberg,David",4.68
"Hurley,James",3.8
"Grossman,Daniel",4.45
"Moore,Sarah Kate",4.7
"Raghuraman,Mosur",4.8
"Odell,Molly",3.86
"Turnovsky,Carolyn",3.05
"Imaizumi,Takato",3.05
"Parsek,Matt",3.8
"Taylor,Alyssa",4.3
"Radcliffe,Mary",3.68
"Winegarden,Thomas",4.95
"McAbee,Jessica",3.27
"Coen,Elizabeth",3.73
"Swain,Judith",2.5
"Curtis,Jeff",3.5
"Beame,Paul",2.4
"Bald,Emily",5.0
"Green,Mira",3.6
"Robles,Jessica",3.32
"Tavlin,Zachary",4.2
"Sanders,Rachel",3.41
"Finque,Susan",1.73
"Yang,Yunkang",3.7
"Jegatheesan,Brinda",2.14
"Rao,Y Krishna",3.0
"Dee,Jennifer",2.14
"Wong,Kar-Yiu",2.0
"Zalatan,Jesse",4.5
"Self,Casey",4.1
"Duman,Yoav",4.0
"Phillips,Tom",4.5
"Nemhauser,Jennifer",3.6
"Mitchell,Steve",4.8
"Chan,Tony",2.8
"Ragozin,David",1.35
"King,James",1.55
"Tompa,Martin",4.9
"Barrett,Kimberly",3.9
"Erickson,Kent",2.2
"Polack,Zoya",4.3
"Voyles,Joe",4.7
"Jenekhe,Samson",1.55
"Stovel,Katherine",3.0
"Mercer,Doug",2.85
"Powers,Tim",3.95
"O'Connor,",2.35
"Jaussen,Paul",4.45
"Gonyer-Donohue,Jen",4.85
"Crimmins,Jonathan",4.6
"Doran,Charles",4.0
"Rice,Edward",3.95
"Lam,Leo",4.9
"Guy,R. Kent",4.2
"Labitzke,Curt",3.5
"Shields,David",3.4
"Mayer,Dylan",4.0
"Barlow,Candace",3.6
"McLain,Brian",4.6
"Ahmed,Kamal",4.0
"Lang,Sabine",4.7
"Miyamoto,John",2.8
"Sears,Laurie",3.45
"Ha,Renee",3.3
"West,James",2.35
"Buttler,Tasha",3.8
"Gastil,John",4.15
"Giovas,Christina",2.8
"Elizabeth,Nesbitt",3.1
"Mack,Ted",4.45
"Kimelman,David",4.3
"Achterberg,Jerusha",4.15
"Soder,Roger",4.7
"Curtis,Edward",3.3
"Fossati,Sebastian",3.9
"Ames,Eric",4.5
"Yamasaki,Nobuko",4.45
"El-Sharkawi,Mohamed",4.3
"Squatrito,Theresa",3.05
"Leissle,Kristy",4.35
"Matthews,Kristine",2.95
"Schmidt,Benjamin",3.35
"Hollmann,Alexander",4.0
"Beck,Darby",3.75
"Speser,Arendt",3.9
"Ginorio,Angela",2.15
"Johnston,Richard",4.6
"Ochsner,Jeffrey",3.95
"Tamura,Hiro",2.15
"Sun,Ming-Ting",3.6
"Wang,Xingting",3.9
"Sbragia,Albert",4.1
"McCoy,Renee",4.25
"Kim,Soohee",4.85
"Myer,Kenneth",4.05
"Sisodia,Gautam",5.0
"Buck,Steve",3.7
"Benchimol,Jason",4.4
"Ottinger,Aaron",3.6
"Bilmes,Jeff",4.2
"Dhavan,Purnima",4.5
"Rosenberg,Leslie",3.5
"Hartzell-Nichols,Lauren",4.6
"Polinger,Victor",4.45
"Huber,Vandra",1.7
"McCue,Frances",4.1
"Paul,Justin",3.5
"Rudnick,Christian",4.7
"Adams,Loyce",2.5
"Janosik,Jeff",3.8
"Bergmann,Luke",2.5
"Narayanan,Hariharan",2.1
"Marchlewicz,Sara",3.0
"Youell,Ryan",4.6
"Devleming,Kristin",5.0
"Atienza,Richard",4.8
"Peters,Nicole",5.0
"Khullar,Sonal",3.55
"Shlizerman,Eli",4.85
"Cerchiara,Jack",4.6
"Detwiler,Jason",4.5
"Powers,Matthew",4.7
"Won,Eunyoung",4.8
"Graham,Christina",3.0
"Bleecker,Alex",4.85
"Farias,Monica",3.0
"Thompson,Randy",4.55
"Miller,Zachary",2.25
"Mayo-Wilson,Conor",4.5
"Bessner,Daniel",4.8
"Porter,Riley",3.6
"Hong,Ning",5.0
"Francis,Megan",4.3
"Sniadecki,Nathan",2.0
"Doty,Sharon",3.3
"Mescher,Ann",3.3
"Kamara,Israela",2.4
"Reid,Brian",4.5
"Tseng,Paul",3.5
"Coldewey,John",4.56
"Parker,Shanga",4.17
"Gupta,Maya",3.83
"Klausenburger,Jurgen",1.22
"Olsen,Elena",3.78
"Hamm,John Christopher",4.56
"Borning,Alan",3.89
"Berger,Robert",3.56
"Bohringer,Karl",3.78
"Ferlic,Elizabeth",3.94
"Sommerville,Jessica",3.78
"Buckner,David",4.89
"Keeling,Bret",3.11
"Ellis,Steve",3.56
"Takamori,Akio",4.72
"Bliquez,Lawerence",5.0
"Hargens,Lowell",3.11
"Jeffrey,Craig",4.33
"Gilroy,Francesca",4.61
"Shorack,Galen",2.67
"Leehey,Jennifer",3.0
"Einhorn,Lee",4.17
"Ruohola-Baker,Hannele",3.67
"Rehr,John",2.5
"Clausen,Meredith",4.2
"Williams,Misti",3.6
"Meng,Yuqiu",4.67
"Solontoi,Mike",4.11
"Lucia,Katie",4.61
"Mackin,Glenn",4.89
"Ahn,Sang-gyeun",3.17
"Wyers,Giselle",5.0
"Berg,John",4.9
"Woiak,Joanne",4.3
"Bruce,Neil",4.39
"Zhang,Yifan",3.39
"Sullivan,Jeremiah",3.17
"Domigpe,Jiedson",4.72
"Kistner,Kelly",4.06
"Rosenberg,Jon",4.28
"Thompson,Elizabeth",2.0
"Colonnese,Tom",4.44
"Terry,James",4.0
"Awan,Fareed",4.39
"Whorley,Joshua",3.61
"Lee,James",4.0
"Sullivan,Mark",5.0
"Golden,Amanda",3.89
"Den Nijs,Marcel",1.72
"Nishime,Leilani",4.3
"Chandler,Mark",3.72
"Papakonstantinou,Zinon",3.5
"Dewenter,Kathryn",4.11
"Maestas,Nadine",3.78
"Craig,Gianna",3.61
"Mendoza,Marites",2.61
"Lee,Daeyong",2.06
"Kale,Sunila",4.7
"Barrack,Charles",4.39
"Muren,Dominic",4.06
"Stephens,Benjamin",2.5
"Freimuth,Michael",2.94
"Jaegle,Lyatt",2.61
"Million,Dian",3.89
"Willet,Mischa",3.28
"Chen,Yi An",1.5
"Finney,Eric",4.22
"Chatterjee,Champak",3.94
"Lee,Hedwig",4.83
"Billo,Timothy",4.0
"Luscombe,Christine",4.11
"Becherer,Kendall",4.8
"Wirth,Ben",4.28
"Harmon,James",3.72
"Weston,Nathaniel",3.28
"Hoffman,Christopher",2.94
"Vidrine,Bonnie",3.9
"Ruzzo,Walter",4.78
"Hellrung,Alyssa",4.6
"Stewart,Jared",4.8
"Rothvoss,Thomas",2.56
"Chen,Shi",4.2
"Shao,Lian",4.22
"Crowther,Greg",2.94
"Sohn,Ilsu",2.9
"Viray,Bianca",2.7
"Ross,Luana",4.3
"Saha,Jagori",3.3
"Van Eijk,Marieke",4.3
"Blackburne,Terrence",3.83
"Terrasi,Shayna",4.9
"Ramadas,Harishchandra",4.8
"Naehrig,Natalie",4.3
"Li,Jiangyu",1.4
"Pratt,Wanda",3.5
"Schildkraut,Laura",4.0
"Nam,Hwasook",2.8
"Cecil,Daniel",3.8
"Bet-Shlimon,Arbella",3.72
"Cushnie,Larry",4.8
"Van Houdt,Jennifer",4.8
"Gamelin,Daniel",3.5
"Lee,John &quot;Jack&quot;",4.56
"Lowe,Celia",2.37
"Curtis,Emily",3.69
"Nester,Eugene",2.44
"Fan,Ming",3.06
"Karch,Andreas",4.0
"Garbini,Joseph",4.69
"Roesler,Axel",4.2
"Jewett,Evan",2.31
"Tewksbury,Josh",3.19
"Nittrouer,Chuck",4.1
"Christie,Rich",3.69
"Modiano,Raimonda",4.0
"Merz,Alexey",4.5
"Wagner,Brittin",4.31
"Kong,Katie",3.88
"Tremblay,Kelly",4.81
"Aufrecht,Monica",4.88
"Schwarz,Florian",2.75
"Zhou,Yongpin",3.4
"Wilson,Gregory",4.5
"Wong,Edwin",4.06
"Grant,Lauren",4.88
"Olmstead,Richard",4.5
"Neff,Gina",2.81
"Wang,Su-Ching",3.56
"Harmon,Alexandra &quot;Sasha&quot;",4.06
"Clatterbaugh,Ken",4.13
"Ewing,Andrew",3.7
"Zivot,Eric",4.25
"Burke,James",2.6
"Gavel-Adams,Ann-Charlotte",3.5
"McCollum,Jennifer",4.3
"Hutchison,Jacob",4.56
"Hinds,Stephen",4.8
"Holzer,Kellie",4.19
"Shewbert,Sarah",4.44
"Willgerodt,Mayumi",2.19
"Cohen,Jake",4.38
"Webster,John",4.8
"Grinder,David",3.5
"Simmons,Cynthia",4.31
"Fogarty,James",4.75
"Werner,Lynn",2.88
"Thavasi,Nigel",3.06
"Masuga,Katy",3.69
"Young,John",4.69
"Shaw,Jennie",2.38
"Lingle,Colin",3.19
"Alam,Shamma",4.81
"Pauwels,Heidi",3.19
"Davila,Florangela",4.31
"Campbell,Jessica",4.7
"Clower,Erica",3.75
"Datta,Robin",3.44
"Turnovsky,Geoffrey",4.5
"Solomyak,Boris",3.31
"SU,Yuhsuan",2.0
"Wong,Ho Po",3.81
"Kuenzel,David",3.31
"Aponte-Roman,Camili",3.38
"Allstot,David",2.88
"Rakhra,Raj",4.0
"Wilbur,Alicia",4.38
"Leukhina,Oksana",3.38
"Woodgate,Rebecca",2.56
"SU,Alic,Peng-Ju",2.63
"Arabshahi,Payman",4.5
"Thornock,Jake",5.0
"Stanich,Cynthia",4.19
"Meredith,Jennifer",4.63
"Seidler,Gerald",4.3
"Starsky,Jacob Ben",4.2
"Febry,Paul",3.88
"Penner,Marsha",2.13
"Roberts,Austin",4.75
"Bare,Bruce",2.31
"Abdullahi,Dirir",4.88
"Delgado,Andrea",3.5
"Kahn,Miriam",4.88
"Wong,Jane",4.8
"Rutledge,Laine",2.81
"Suh,Ivana",4.88
"Chang,Cynthia",2.88
"Biermann ,Christine",4.3
"Yoganarasimhan,Hema",2.75
"Welinske,Joe",3.06
"Taylor,Kirstine",3.0
"Tai,Wei ",2.6
"Freeman,Michael",4.2
"Nelson,Alshakim",4.8
"Grobelski,Tiffany",1.9
"Marshall,Colin",4.2
"Ives,Charles",4.3
"Adler,Stuart",2.25
"Cobden,David",4.3
"Watkins,David",2.5
"Chang,Taiping",2.43
"Baratuci,William",4.86
"Tripathi,Arvind",4.5
"Gara,Bob",3.36
"Ruha,Judy",2.21
"Seigel,Andy",3.14
"Goh,Boon",3.79
"Stanton,John",4.5
"Stenberg,Ben",4.36
"Mizumori,Sheri",3.0
"Fusco,Lisa",2.21
"Goodhead,Dokubo",4.07
"Kennedy,Donni",4.43
"Fine,Arthur",4.29
"Caldwell,Ron",4.29
"Pandey,Anshuman",4.36
"Nye,Carlos",4.93
"Benjamin,Mark",2.3
"Young,Ted",1.29
"Asok,Aravind",2.07
"Koo,Koopa",3.0
"Benitez,Francisco",4.36
"Hille,Merrill",2.93
"Godoy,Angelina",4.5
"Manopimoke,Pym",3.71
"Dziwirek,Katarzyna",3.43
"Folland,Gerald",3.93
"Kirson,Antonio",4.79
"Zabowski,Darlene",3.86
"Garcia-Snyder,Diana",3.57
"McLaren,Brian",4.2
"Smith,Eric",2.86
"Harper,Brent",4.0
"Mandoli,Dina",3.71
"Pekkanen,Saadia",3.57
"Emery,Ashley",3.36
"Le,Samuel",4.29
"Swalla,Billie",3.0
"Remow,Gabriella",1.64
"Antikas,Theodore",4.71
"Corbo,Nicole",3.07
"Mezur,Katharine",1.86
"Moran,Stacey",3.5
"Hinckley,Tom",4.64
"Allen,David",3.93
"Dana,Karam",4.29
"Bhowmik,Davinder",4.2
"Hawes,Stephen",3.14
"Boynton,Geoff",4.6
"Fine,Ione",2.36
"Keyt,David",4.14
"Ostendorf,Mari",3.1
"Schonlau,Rob",4.71
"Tobar,Luis",4.29
"Fish,Russ",2.14
"Shon,Sue",1.4
"Nelson,Danny",4.07
"Hirschman,Charles",2.9
"Holm,Arnold",4.8
"Guthu,Sarah",3.86
"Mroczek,Kristine",3.0
"Wang,Wei-Chih",3.21
"Benson,Susan",3.36
"Martin,Christopher",4.5
"Enderle,Melanie",4.3
"Feliciano,Maria",4.36
"Bauman,Laurie",3.07
"Chetty,Raj",4.71
"Betz,Stacy",4.5
"Bergstrom,Carl",3.3
"Gao,Dayong",3.71
"Cahan,Ercument",4.14
"Chen,Cynthia",2.07
"Ding,Edwin",3.21
"Patel,Tanvi",4.86
"Warrior,Carol",3.36
"Del Moral,Roger",3.0
"Dai,Yuwen",4.43
"Cox,Collett",3.0
"Rufo,Kenneth",3.14
"Siver,Christi",3.14
"Rai,Candice",4.86
"Brent,Danny",4.64
"Hansen,Caitlin",3.29
"Srinivasan,Sangeetha",3.93
"Trinh,Kim",3.93
"Matthies,John",4.71
"Vilavella Collins,Helene",4.3
"Barnaby,Alfredo",3.3
"HA,Yong-Chool",2.36
"McHose,Brad",4.93
"Stygall,Gail",2.8
"Poznanski,Kazimierz",2.71
"Kim,Mari",3.43
"Goldsmith,Layne",2.9
"Asah,Stanley",4.29
"Lee,Dong Won",3.36
"Kelley,Debbie",2.79
"Brush,Lucien",3.36
"Morris,Martina",1.1
"Joseph,Gail",5.0
"Parrish,Jay",3.07
"Hilborn,Ray",2.9
"Wilson,Sophia",3.21
"Atkins,Paul",4.5
"Pahlajrai,Prem",2.86
"Manganaro,Anthony",4.5
"McCoy,Shane",3.43
"Olden,Julian",3.3
"Kalitzki,Judith",4.0
"Jian,Ge",3.5
"Maia,Pedro",3.0
"Meredith,Joe",4.29
"WU,Yuqi",2.57
"Erickson,Lindsay",5.0
"Scowcroft,Tyler",4.79
"Liapis,Stephanie",4.0
"Wirsing,Aaron",3.93
"Hardison,Brian",3.21
"Huff,Jennifer",2.36
"Hanson,Nina",2.07
"Little,Mary",4.7
"D'Ambruoso,William",3.0
"Silvestri,Nicole",4.2
"Hubbard,Alexander",3.36
"Young,Alexander",5.0
"Baros,Richard",4.3
"Shields,Juliet",4.71
"Blumenstock,Joshua",4.93
"Grézause,Esther",3.5
"Carver,Charles",4.86
"Hauser,Lorenz",3.6
"Cookson,Brad",2.64
"O'Neal,Max",4.71
"Reichert,Nicholas",3.36
"Otten,Jennifer",2.5
"Schaeffer,Tesla",5.0
"Chapman,Rachel",4.0
"Hannon,Lisa",4.9
"Chowdhury,Iffat",2.2
"Cox,Molly",2.3
"Wallace,Geoffrey",3.9
"Marhoefer,Laurie",4.7
"Dunham,Scott",1.8
"Fung,Scott",3.7
"Kiali,Nida",4.93
"Ho,Ken",2.1
"Liepkalns,Justine",2.0
"Congdon,Roark",4.7
"al-Binni,Usama",1.57
"Klavins,Eric",4.6
"Mullen,Rory",3.14
"Kramer,Steven",4.25
"Korf,Lisa",3.08
"Lape,Peter",4.08
"Reed,Brian",5.0
"Gutzwiller,",4.83
"Ebeling,Carl",4.75
"Gowing,Alain",4.83
"Walsh,Kelly",3.67
"Harris,Walt",3.17
"Miller,Greg",4.92
"Diangelo,Robin",3.83
"Waddell,Holly",4.75
"Halmi,Nicholas",2.33
"Werrett,Simon",4.08
"Immel,Don",4.5
"Rauve,Rebecca",4.83
"Browning,Victoria",4.92
"Hunn,Eugene",2.92
"Sandjaja,Desiana Pauli",5.0
"Vilches,Oscar",4.25
"Fortson,Norval",2.83
"Friedman,Kathie",4.58
"Li,Hengda",4.58
"Barr,Scott",4.25
"Halpin,Jenny",1.58
"Pezzola,Anthony",2.92
"Price,Alexander",4.92
"Itter,Janice Von",4.33
"Gamboa,Erasmo",3.75
"Gottler,Christine",2.0
"Huntsperger,David",4.92
"Graham,Robin",4.8
"McKenzie,Robert",4.58
"Gould,Annabelle",4.58
"Waaland,Susan",2.42
"Bryant,Jennifer",4.42
"Rai,Sumant",3.83
"Jaffee,Martin",3.92
"Belot,FranCoise",4.5
"Nixon,David",4.92
"Basdeo,Ganeshdath",3.08
"Eldersveld,Samuel",2.5
"Corva,Dominic",4.5
"Ohuchi,Fumio",2.83
"Kumar,Subodha",3.83
"Trusty,Teressa",3.08
"Hacking,Paul",3.83
"Ebrey,Patricia",2.3
"Heneghan,Aine",4.25
"Childs,Mary",4.83
"Christie,Patrick",4.3
"Berlinghieri,Laura",3.0
"Basse,Galen",4.75
"Brunson,Emily",3.67
"Bakker,John",3.08
"Little,Drego",4.75
"Antony,James",4.42
"Gillick,Jim",4.0
"Briggs,David",5.0
"Fox,Kelly",4.42
"Schall,Lawrence",2.17
"Fu,Qiang",3.3
"McNally,Debbie",4.7
"Wirkala,Rita",4.92
"Hernandez,Melanie",4.17
"Olsen,Skylar",3.83
"Mandell,Lewis",2.92
"Qian,Hong",3.08
"Bushnell,Jeanette",2.5
"Khalil,Fahad",4.75
"Malte,Philip",2.2
"Chang,Feichien",2.83
"Halvorsen,Robert",4.0
"Strom,Joel",3.92
"Xu,Jun",4.0
"Trainor,Sebastian",2.92
"Holley,Erica",4.67
"Skoog,Gabriel",4.67
"Stumpo,Pamela",2.67
"Kremen-Hicks,Sarah",3.67
"Malhotra,Mia Ayumi",5.0
"Shapiro,Linda",2.17
"Failing,Patricia",3.75
"Vidale,John",4.0
"Wu,Min &quot;Leslie&quot;",2.5
"Gill,James",4.67
"Mc Dermott,Lois",4.17
"Levin-Richardson,Sarah",4.7
"Snyder,Lawrence",3.42
"Goodenkauf,Justin",4.5
"Boyle,Linda",2.58
"Garcia,Maria Elena",4.67
"Sudhinaraset,Pacharee",4.0
"Khazzam-Horovitz,Hadar",4.92
"Fox,Joan",3.83
"TA,Trang X",2.42
"Gill,Kathy",2.25
"Sonenberg,Maya",3.83
"Berliner,Dan",3.67
"Morrow,Jim",5.0
"Llobera,Marcos",2.4
"Johnson,Jack Arthur",4.58
"Campbell,Elena",4.5
"Aylar,Emre",4.58
"Ford,David",1.67
"KO,Andy",4.3
"SO,Janice",4.75
"Titus,Sarah",3.5
"Wenzl,Andrew",2.83
"Traxler,Beth",3.2
"Borch-Jacobsen,Mikkel",2.83
"Archibald-Seiffer,Josh",4.0
"Spratt,Meg",4.17
"Hafso,Scott",3.58
"Watts,Richard",3.6
"Carroll,Jennifer",5.0
"Lou,Shuwen",3.25
"Anchordoguy,Marie",2.42
"Lee,Seojin",3.5
"Laynor,Gregory",3.3
"Knight,Jeffrey",4.83
"Dykema,Julie",4.67
"Baraboi,Otilia",4.5
"Arvidson,Heather",4.8
"Chen,Zhen-Qing",2.92
"Secrist,Cory",3.17
"Tran,Linh",4.75
"O'Mara,Margaret",4.2
"Fernandes,April",2.2
"Henderson,Mary Anne",2.3
"McCormick,Bruce",4.8
"Zinchuk,Jennifer",4.92
"Fiscus,Jaclyn",4.75
"Ebrahimzadeh,Navid",3.9
"Owens,Kelly",2.75
"Manji,Nabil",5.0
"Polagye,Brian",4.9
"Heald,Andrea",2.25
"Ward,Sarah",4.1
"Kramlich,John",3.0
"Drewnowski,Adam",4.5
"Moon,Ruth",2.9
"Sharpe,Stephen",4.25
"Kim,Ungsan",4.3
"Huang,Shuai",2.83
"Mackenzie-Helnwein,Peter",4.75
"Bushnell,Linda",4.6
"Savolainen,Christine ",3.6
"De La Rocha ,David",3.08
"Tatlock,Zach",2.4
"Turner,Bich-Ngoc",4.2
"Gemelas,Jordan",2.9
"Goodson,Christopher",3.9
"DeRosa,James",5.0
"Brzovic,Peter",2.0
"Downs,Justin",3.1
"Clevenger-Bright,Mary",4.9
"Milian,Patrick",4.8
"Soule,Dax",5.0
"Munoz,Francisco",4.2
"Hsia,Justin",3.5
"Garimella,Aravinda",5.0
"Stanford,Acquanda",2.0
"Larson,Bob",4.8
"Clark,Konnor",2.4
"Fan,Wai Tong (Louis)",2.92
"roy,scott",1.0
"Trenchard,Seth",4.7
"Storm,Daniel",2.6
"Harrington,James",4.6
"Lepore,Paul",4.3
"Barzel,Yoram",3.2
"Wygant,Christina",4.8
"Buick,",3.7
"Noegel,Scott",4.5
"Blau,Herbert",3.5
"Sucich,Angela",4.2
"Ellis,Rowan",3.2
"Stein,Julie",4.5
"Taylor,Susan Margaret",4.4
"Gatlin,Jill",4.1
"Harvey,Tracy",2.7
"Lavy,Jennifer",5.0
"Robertson,Veronica",5.0
"Warren,Micah",2.4
"Rodriguez,Javi",4.2
"Scott,Joseph",2.4
"Dillon,George",3.5
"Harvey,Jessica",4.9
"Newell,Laura",2.2
"Walter,John",5.0
"Nagakura,Daisuke",1.6
"Franklin,Jerry",4.9
"Zhang,Jun",4.5
"Feraboli,Paolo",2.5
"Phelps,Corey",4.2
"Sarikaya,Mehmet",2.5
"O'Toole,Helen",4.2
"Punt,Andre",3.8
"Witherspoon,Gary",3.4
"Banas,Neil",4.8
"Ramon,Ceon",4.2
"O'Loghlen,Adrian",3.4
"Mazur,Michelle",3.3
"Margherio,Cara",3.1
"Arnold,Trevor",3.6
"Bartholomew,Glenn",2.4
"Anderson,Maria",5.0
"Brown,Chris",2.7
"Raffety,Brian",4.6
"Andrews,Stephanie",2.5
"Hardisty,James",4.6
"Yum,Samuel",3.4
"Atwood,April",3.6
"Firestone,Kimberley",2.9
"Holman,Darryl",2.7
"Neill,Dawn",3.8
"Wang,Yinhai",4.4
"Lin,Lih",3.2
"Fabien,Brian",3.7
"Ciol,Marcia",3.1
"Davis,Trisha",2.6
"Baker,Ashli",4.7
"Tennis,Joe",3.3
"Feld,Andrew",4.4
"Almassi,Ben",4.9
"Mohar,Chris",4.8
"Loesche,Patricia",2.2
"Berger,Paul",4.6
"Summers,Lauren",3.7
"Bassok,Miriam",4.5
"Murray,Scott",2.2
"Bierds,Linda",4.6
"Janes,Joe",4.3
"Sorensen,Clark",4.7
"Miller,Megan",2.7
"Canton,Jessica",4.2
"Featherman,Christopher",4.1
"Deconinck,Bernard",4.9
"White,Ted",2.9
"Nguyen,Chi",4.5
"Webber,Insook",2.7
"Hauschka,Stephen",4.2
"Armbrust,E. Virginia",3.2
"Cabral,Cathryn",3.3
"Willse,Travis",4.2
"Moskal,L. Monika",3.6
"Klastorin,Theodore",3.3
"Gross,Allison",4.1
"Hebble,Aaron",2.8
"Kim,Junhong",2.4
"Assaad,Jacinthe",5.0
"Oleyar,Michael",3.9
"Lanning,Eamee",3.8
"Rhodes,Lorna",4.9
"O'Donnell,Sean",3.2
"Dieleman,Joseph",5.0
"Gwati,Ranganai",3.4
"Rolandi,Marco",3.3
"Parsons,Julie",4.8
"Pengra,David",4.8
"Das,Allison",4.5
"Daum,Guenter",4.0
"Steele,Cynthia",2.6
"Mullins,James",3.2
"Scheier,Shirley",3.0
"Patrolia,Lee",4.9
"Weddle,Courtland",4.1
"Rosman,Artur",3.0
"Paquette,Elliot",4.2
"Lei,Weng Chi (florence)",2.8
"Lemesurier,Jennifer",4.3
"Oyarzun,Fernanda",3.4
"Choi,Daeshik",4.3
"Balaguer Barbosa,Vilmari",4.9
"Skov,Chris",4.8
"Giffin,Erin",4.6
"Stearns,Elizabeth",4.8
"Rathe,Karen",3.7
"Peeters,Jonathan",4.0
"Repacholi,Betty",4.2
"Webster,Jennifer",1.9
"Schmidt,Andrea",5.0
"Mitra,Aditi",2.3
"Abernethy,Scott",4.8
"Blacksher,Erika",5.0
"Seifert,Kristin",3.7
"Wolfe,Whitney J.",3.9
"Slivken,Erik",2.8
"Stetson,Daniel",3.6
"Ball-Blakely,Michael",4.8
"Trout,Deborah",3.3
"Jacoby,Dan",2.7
"Guldin,Marie",4.9
"Lazo,Carlos",4.9
"Sanchez,David",3.9
"Pool,Heather",5.0
"Hertzog,Nancy",2.0
"Hong,Woo Hyung",2.1
"Dubrow,Jennifer",4.5
"Najemnik,Jiri",1.7
"Vidakovic,Milan",3.8
"Fehr,Ryan",4.7
"Welland,Sasha",4.7
"Kopas,Merritt",2.4
"Overney,Rene",4.3
"Purcell,Mark",4.6
"Ganter,Mark",2.4
"Taylor,Janelle",4.1
"Gray,Alexandria",3.9
"Zhu,Dan",3.5
"Roberts,Nathan",4.0
"Stoll,Stefan",5.0
"Cho,Heekyoung",3.9
"Lewis,Mark",2.0
"Campbell,Lilly",4.3
"Milanovich,Nebojsa",4.0
"Kim,Dongsup",1.6
"Newhouse,Leonie",1.6
"GO,Joan",2.1
"Twist,Alex",2.3
"Monard,François",4.7
"Pfeiffer,James",5.0
"Amrute,Sareeta",4.2
"Maki,Nick",4.4
"Synovec,Robert",3.3
"Deng,Kaihua",1.6
"TU,Hang",4.5
"Mehra,Mishita",4.5
"Shanitkvich,Justin",4.5
"Ghironi,Fabio",3.4
"Hushagen,Sam",4.9
"Haynes,Maren",3.6
"Zheng,Hailun",3.6
"Luo,Xiaoran",2.8
"Seslen,Tracey",3.6
"HE,Belinda",4.8
"Barnes,Christopher",4.0
"Olson,Krisjon",1.2
"Bose,Bijetri",2.4
"Chih-Chi,Chou",5.0
"Hwu,Shih-Teng",2.0
"Lim,Tae",2.3
"Paun,Dorothy",4.3
"Sackschewsky,Leisl",1.4
"Burns,Michael",4.6
"Salem,Walid",3.1
"Janssen,Elizabeth ",4.7
"Zambianchi,Patrick",4.9
"Schafer,Hunter",4.3
"Jaffee,Samuel ",3.8
"Porter,Jennifer",2.2
"Abdulcadir,Issa",4.4
"Macklin,Mandy",4.5
"Warner,Michael",4.1
"Barwise,Claire",4.8
"Manhart,Lisa",4.1
"Blake,Joseph",5.0
"Fowler,Christopher",3.0
"Dillard,Kara",1.8
"Ohrbeck,Desiree",3.7
"Brobeck,Emma",4.2
"Hernandez,Jessica",5.0
"Patin,Beth",3.8
"Swanson,Joshua",2.6
"Viharo,Monica",3.6
"Conrod,Kirby",1.2
"Fryberg,Stephanie",3.2
"Malatesta,Paul",2.4
"Schulz,Florian",1.6
"Fleming,Kevin",4.4
"Masiello,David",3.9
"Smith,David",4.8
"Majumdar,Arka",3.2
"Ecker,Allan",3.4
"Crider,Juliet",4.4
"Turchet,Amos",4.8
"Cantu,Nadège",3.2
"Mussetter,Sally",3.88
"Forehand,Mark",4.5
"Anderson-Bond,Travis",4.5
"Chizeck,Howard",3.38
"Taylor,Quintard",4.0
"Sharpe,Ben",4.0
"Poiger,Uta",3.63
"Flores,Lauro",3.4
"Deem,Elena",3.63
"Kenney,Richard",5.0
"Whorton,James",4.25
"Aggoune,El-Hadi",4.0
"Tobias,Steven",3.5
"Winn,Jane",2.5
"Pun,Suzie",3.88
"Lacoste,Monique",4.75
"Colbert,Stephen",4.25
"Ladner,Richard",3.0
"Brett,Michael",4.88
"White,Heath",4.38
"Eadie,Tanya",4.13
"Kayaoglu,Turan",4.5
"Miller,Ryan",4.75
"Petersen,Andrew",5.0
"Olsen,Katy",4.88
"Bolan,Sean",3.5
"Jones,Tim",4.5
"Goebel,Rafal",3.63
"Logsdon,Miles",4.25
"Efthimiadis,Efthi",2.63
"Shaffer,Peter",2.38
"Dold,Steve",4.38
"Kabiri,Nika",4.75
"Lawler,Hadley",5.0
"Ackerman,Tom",4.0
"Eaton,Julie",3.63
"Mirpuri,Anoop",3.63
"Serafini,Brian",4.75
"Windmiller-Wood,Aimee",5.0
"Fyfe,Andrew",4.38
"Gundlach,Jens",1.25
"Bhatt,Amy",4.88
"Li,Yang",4.75
"Laudanska,Malgorzata",3.88
"Safstrom,Mark",4.75
"Schlosser,Ann",2.3
"Bosma,Martha",4.75
"Zabinsky,Zelda",3.38
"Salomon,Richard",4.13
"Halbert,Brian",3.38
"Olswang,Lesley",2.13
"Albertson,Bethany",3.13
"Sayers,Jentery",4.63
"Scott,Troy",3.38
"Klee,Steven",4.88
"Dairbekov,Nurlan",1.88
"Evans,Heather",4.88
"Gershenfeld,Nancy",4.88
"Au,Vanessa",5.0
"Easton,Robert",4.88
"Greenwald,Anthony",2.1
"Boresma,Dee",3.0
"Panagiotides,Heracles",4.75
"Welsh,Timothy",4.63
"Morris,Dallas",3.38
"Meadows,Victoria",4.75
"Barr,Bennett",3.13
"Mesbahi,Mehran",4.25
"Breidenthal,Robert",2.88
"Friedli-Clapie,Lisa",3.88
"Janssen,Donald",4.38
"Wayland,Ted",4.88
"Labossiere,Paul",3.38
"Warburton,Tim",3.9
"Harihar,Chris",4.63
"Liao,Ying-Hao",3.13
"Ramamurthy,Priti",4.0
"Lu,Roberto",2.63
"Kientz,Julie",4.5
"Coggans,Truman",4.0
"Moritz,Chet",4.88
"Manoucheka,Celeste",2.63
"Naumann,Aaron",4.88
"Safarian,Patrick",3.5
"Eqeiq,Amal",3.0
"Toler,Emily",3.5
"Torii,Keiko",3.25
"Enden,Lars",4.63
"Mondesir,Raphael",4.75
"Gillman,Maria",3.63
"Sztajnkrycer,Christina",4.25
"Zirpel,Mark",3.5
"Schmidt,Suzanne",4.38
"Parson,Bill",2.38
"Houston,Heidi",2.5
"Nguyen,TU",4.25
"Lockwood,Thomas",4.63
"Park,Sooenn",4.25
"Padgett,Stephen",3.25
"Lind,J (adam)",4.5
"Arvidson,Valerie",4.5
"Brown,Sharon",4.88
"Balazinska,Magda",4.5
"Heyang Julie,Kae",4.25
"Simpson,Maria Cecilia",1.5
"Sharifani,Mohsen",3.88
"Johnson,Peter",2.5
"Brownlee,Donald",3.5
"Piedalue,Amy",4.5
"Abu,Nisha",5.0
"Aholt,Chris",5.0
"Sokoloff,Naomi",2.38
"Sullivan-Clarke,Andrea",5.0
"Eastin,Josh",5.0
"Wong,Gail",1.5
"Lopez,Shaun",4.13
"Smith,Ronald",3.63
"Tremblay-Boire,Joannie",4.75
"Lazardeux,Sebastian",3.25
"Feetham,Dan",5.0
"Cain,Nicholas",3.38
"Clark,Sam",2.38
"Kurian,Alka",2.5
"Stamatoyannopoulos,John",2.25
"Hedwig,Lee",4.13
"Macy,Jane",4.8
"Waagan,Knut",1.5
"Hannaford,Blake",4.63
"Patel,Shwetak",4.25
"Helmiere,Frederica",3.38
"Anspach,Whitney",3.5
"Annie,Kirking",4.13
"Maglalang,Jennifer",2.63
"Browne,Jyana",4.38
"Deibel,Katherine",2.75
"Bauer,Meredith",5.0
"Maroto,Michelle",4.75
"Gleason,Richard",5.0
"Graf,Rachel",2.88
"Mitchell,William",3.13
"Kim,Jaeho",3.63
"Afromowitz,Martin",4.13
"Mah,Matthew",4.75
"Zyskowski,Kathryn",4.0
"Melnik,Grigori",4.88
"Berget,Andrew",4.75
"Bartell,Kendra",2.75
"McClure,Bonnie",3.5
"Perkel,David",3.63
"Naraghi,Yasaman",4.38
"Brown,Elizabeth",2.0
"Arai,Andrea",2.9
"Hariharan,Aneesh",4.88
"Sirichakwal,Issariya",3.38
"Hoy-Ellis,Charles",4.88
"Lagunoff,Michael",4.3
"Tomasevic,Jorge",4.88
"Coleman,Miles",4.25
"Beins,Mira",5.0
"Uhrig-Fox,Bryson",2.88
"Taya,Minoru",1.88
"Eisenberg,Daniel",3.13
"Emeneth,Katherine",3.0
"Jesty,Justin",3.25
"Katze,Michael",1.25
"Zeman,Leslie",4.25
"Telegen,Joseph",4.8
"Erdogan Monson,Duygu",4.63
"Crofton-Sleigh,Elizabeth",4.8
"Ailion,Michael",4.25
"Hsu,Shi-Chieh",2.75
"Sisneros,Joseph",4.5
"Balka,Richard",2.13
"Wagner,Michael",4.5
"Long IV,James",3.8
"Coley,Derek",4.25
"Iravani,Foad",4.9
"Meredith,Jesse",4.88
"Wiggins,Ellwood",4.3
"Bose,Antik ",4.75
"Sathe,Visvesh",3.75
"Cenatiempo,Dantzel",3.13
"Tuncel,Selim",4.38
"McCurdy,Sean",2.0
"Yue-Hashimoto,Anne",1.4
"Welsh,David",4.0
"Pauzauskie,Peter",4.9
"Burbacher,Thomas",3.75
"Cotten,Russel",5.0
"Woehrle,Austin",5.0
"Ho,Jenny",2.4
"Hoppins,Suzanne",3.25
"Olson,Kristina",2.75
"Lalonde,Lise",4.9
"Taylor,Jesse",3.3
"Kebeli,Sevim",4.88
"Mawkanuli,Talant",4.25
"Neils,Chris",3.6
"Yu,Liping",4.9
"Stathopoulos,Andreas",4.3
"Shaw,Aimie",4.2
"Bellinger,Matthew",4.0
"Gilbert,Erin",3.88
"Chang,Riley",5.0
"Vilchez Veleda,Alberto",4.88
"Govindrajan,Radhika",4.38
"Reagan,Michael",4.4
"Sheffield,Daniel",3.0
"Ward,Teresa",4.9
"Oveis Gharan,Shayan",2.4
"McGonagle,Matthew",2.25
"Faulkner,Sarah",5.0
"Golden,Elizabeth",5.0
"Ma,Eva",2.75
"Cheung,Alvin",3.0
"Lee,Yurim",3.0
"Marlet,Elodie",3.7
"Moore,Connor",3.7
"Strand,Liesl",5.0
"Burns,Gust",3.0
"Naslund,Skye",4.2
"Fu,Kai-Mei",5.0
"Feintzeig,Benjamin",4.0
"Hopkins,Paul",2.0
"Romar,Lorenzo",5.0
"Schnee,Ian",3.8
"Scherba,Steve",2.6
"Wilson,Margaret",1.1
"Kolesova,Katya",3.63
"Caudal,Arianne",5.0
"Sayedi,Amin",3.5
"Beard,Nathan",3.7
"Robinson,Matt",4.8
"Buick,Roger",2.5
"Fidel,Raya",3.0
"Hayden-Stevens,Anne",4.0
"Fisher,Karen",2.83
"Sharafutdinov,Vladamir",1.0
"Hernlund,Ylva",5.0
"Ozols,Vilnis",1.33
"Rutter,Virginia",5.0
"Kesaba,Resat",4.0
"Brown,Marshall",4.0
"Stevens,Reed",2.67
"Kenny,George",4.67
"Jones,Teresa",5.0
"Clayton,Garrett",4.17
"Freel,Tracey",4.83
"Schenold,Terry",4.83
"Castle,John",3.5
"Westerman,Martin",2.83
"Wirkala,Elwin",5.0
"Jordan,Andrew",4.5
"Camp,Janice",2.33
"Malecki,Molly",4.83
"Jones,Brant",5.0
"Vernon,Erin",5.0
"Lundberg,Shelly",2.67
"Steere,Jay",2.67
"Gaul,Michael",4.83
"Frey,Sacha",4.33
"Gribble,Steve",3.67
"Obenza,Mark davin",5.0
"Boltz,William",3.5
"Chaemsaithong,Krisda",3.67
"Jaeger,Jeffrey",5.0
"Olson,Timothy",4.33
"Faria,Caroline",5.0
"Frohmader,Andrew",2.67
"McCord,Eva",4.33
"Dirks,Clarissa",3.67
"Zachry,Mark",5.0
"Helf,Susan",2.17
"Lewis,Jacob",3.83
"Ryan,Clare",1.83
"Clare,Jonathon",3.83
"Yowell,Donna",3.5
"Paul,Noel",4.33
"Oenbring,Raymond",4.17
"Kim,Cherl",1.17
"Feldman,Travis",2.5
"Patterson,Ronald",4.67
"Pollack,Danielle",5.0
"Cook,Katherine",3.83
"Goodreau,Steve",2.9
"Marriott,David",3.17
"Kruzich,Jean",4.17
"Mo,Mong Kon",4.17
"Gienger,Ian",4.83
"Staton,Mark",4.0
"Wilson,Matthew",4.17
"Taylor,Amanda",4.5
"Stanfield,Jared",4.17
"Anderson,Kris",4.67
"Shah,Ken",1.83
"Conroy,Renee",4.83
"Cramer,Thomas",4.5
"Montoya,Detra",4.17
"Abood,Brandon",4.17
"Tuominen,Anne",4.83
"Johnson,Jeff",4.83
"Huber,Robert",2.83
"Blondell,Ruby",4.0
"Voss,Joachim",3.0
"Bishop,Lisa",2.83
"Hungerford,Mark",3.83
"Admiraal,Ryan",4.17
"Wittrock,Jana",4.67
"Anderson,Theodore",3.0
"Klavon,Evan",4.67
"Robertson,Iain",4.5
"Stecker,Chris",4.17
"Griesbach,Daniel",4.5
"Henderson,Whitney",4.83
"Sirovica,Vedada",3.0
"Leine,Torsten",4.5
"Brower,Lowell",5.0
"Greenburg,Nathaniel",2.83
"Swytak,Laura",3.33
"Thorarinsdottir,Thordis",3.5
"Fuleky,Peter",2.33
"Luna,Edgar",4.33
"Young,Jacob",2.83
"Hartman,Richard",4.5
"Karimi,Mehrdad",3.33
"Moinpour,Reza",3.83
"Giambattista,Michele",3.33
"Fitzgerald,Andy",2.83
"Folsom,Richard",4.17
"Burns,Erin",4.67
"Gray,Richard",4.83
"Feil,Magnus",4.0
"Almgren,Gunnar",4.67
"Calogero,Mark",2.33
"Spafford,David",4.67
"Wander,Katherine",4.5
"Perry,Lisa",3.17
"Sidor,Christian",4.67
"Campa,Naomi",3.67
"Bond,Kyle",5.0
"Bashaw (alford),Ashley",4.83
"Shelton,Colin",5.0
"Morganson,Kristi",3.17
"Johnstone,Japhet",4.67
"Heilmann,Lena",5.0
"Noellgen,Sabine",1.83
"Matrajt,Graciela",3.0
"Ravela,Christian",2.5
"Duncan,Glen",4.0
"Rose,Andrew",3.33
"Kang,Hee-Seung",3.83
"Zientek,Laura",5.0
"Turck,Geoff",4.67
"Hennes,Randolph",4.5
"Bassok,Alon",4.67
"Bock,Andrew",5.0
"Kesavatana-Dohrs,Wiworn",4.67
"Barry,Anquinette",2.0
"Marino,Joe",4.67
"Salk,Jennifer",4.83
"Camp,Stephanie",4.5
"Marzluff,John",5.0
"Ellis,Mark",4.5
"Bedmar Merchant,Juan Luis",4.5
"Miller,Melissa",4.0
"Gavin,Amelia",3.0
"Wollschleger,Jason",5.0
"Green,Tim",3.67
"Subhadeep,Gupta",2.7
"Williams,Dru",4.33
"Brennan,Carrie",3.33
"Mastrangelo,Christina",3.5
"Zubelli,Christina R",4.83
"Mayer,James",5.0
"Duarte,Mauricio",3.5
"Nitta,Brent",5.0
"Gonzalez,Ben",4.17
"Corcoran,Katie",4.33
"Doocy,Morgan",3.5
"Emily,Cox",3.0
"Manzo,Lynne",2.0
"Wolcott,Luke",4.67
"Rousslang,Zach",3.67
"Pietrzak,Veronica",4.67
"Daad,Sima",3.5
"Ott,Timothy",4.5
"McCormick,Tyler",3.5
"Pena,Rob",4.2
"Oskin,Mark",2.67
"Guerra,Juan",4.5
"Daniel,Krista",4.0
"Walton,Joyce",4.33
"Alderks,Peter",3.17
"Walker,Suzanne J",3.5
"Louderback,Lisbeth",4.5
"Pawlowski,Brendan",4.0
"Berman,Jeffrey",4.0
"Smallwood,Stephanie",3.67
"Ratner,Dan",5.0
"Brooks,David",5.0
"Andreotti,Lindsay",5.0
"Yang,Miao Yu",2.5
"McNeel,Amie",3.67
"Reinecke,Sarah",5.0
"Hur,Michelle",3.5
"Detzel,Andrew",3.33
"Haam,Eddie",3.67
"Minin,Vladimir",4.17
"Buckingham,Will",2.17
"Lee,Jin Ha",4.3
"Bura,Renata",4.17
"Palmer,Keith",3.67
"Peragine,Jessica",4.0
"Byrdwell,Phyllis",4.0
"Shelley,Peter",4.33
"Chartudomdej,Sani",3.5
"Schaufelberger,John",2.33
"LI,Yin",5.0
"Leveque,Randy",5.0
"West,Elizabeth",5.0
"Azzam,Jonas",3.17
"Seelig,Georg",3.67
"Quinn,Sarah",3.67
"Chirot,Daniel",3.0
"Brill,Charlotte",1.17
"Wheless Martin,Leann",4.33
"Chrisman,Laura",2.7
"Smith,Jason",4.33
"Duvall,Alison",4.8
"Klapaki,Nektaria",4.0
"Gao,Yuan",4.17
"McMenamin,Sarah",3.67
"Mbengue,Bara",4.17
"Beyer,Jessica",4.17
"Thirkill,Ashley",5.0
"Kepler,Chris",4.33
"Champoux,James",4.5
"Palo,Caitlin",2.83
"Stein,William",4.2
"Rizzolo,Douglas",3.33
"De La Iglesia,Horacio",3.83
"Ahmed,Khalid",4.83
"Lahiri,Atanu",4.33
"Banks,Katherine",1.83
"Brown,J. Michael",3.17
"Shields,Rachel",5.0
"Simon,Samantha",5.0
"Nie,Kaibao",3.5
"Shi,Richard",1.0
"Barr-Clingan,Nicolaas",4.5
"Terry-Hays,Deborah",2.83
"Tilland,Bonnie",5.0
"Uran,Chad",3.67
"Gay,Geneva",4.17
"Mathur,Siddharth",5.0
"Weng,Guilan",1.33
"Loreto,Milagros",4.33
"Zhao,Can",3.5
"Hagen-Lukens,Deborah",3.33
"Cummings,Kevin ",3.5
"Witte,Anna ",3.83
"Spicer,Simon",4.17
"Hodge,Huck",4.2
"Barnes,Clayton",4.83
"Holmes,Jessica",3.5
"Dunn,Lea",3.5
"Merhej,Jessica",4.5
"Loggins,Nathan",4.67
"WALCHER-CHEVILLET,CRISTIN ",3.5
"Handwerk,Gary",4.3
"Miller,Danica",3.5
"Brandt,Kaleo",4.67
"Herman Weber,Rebecca",4.67
"Dashiell,Jeremy",4.33
"Moore,Jared",4.33
"Hoberg,Rebecca",3.0
"Perez,Elizabeth",5.0
"Anderson,Claire",4.17
"Sebe,Joy",2.6
"Van Buren,Amy",4.2
"Costa,Stephanie",3.9
"Novetzke,Christian",5.0
"Williams,Helene",3.9
"Zhang,Jian James",2.83
"McCarty,Evan",5.0
"Maley,Stephen",4.3
"Ostergren,Marilyn",3.6
"Arduini,Beatrice",3.9
"Gorstein,Jonathan",4.0
"Mahadevan,Varun",5.0
"Cruz,Carlos",2.7
"Korshin,Gregory",3.0
"Spiro,Emma",4.2
"Cheong,Ya Kan Frances",5.0
"Walker,Thomas",5.0
"Kelly,Nicole",3.1
"Holtgrieve,Gordon ",3.0
"Nelson,Ann",1.7
"Halstead,Kimberly",5.0
"Easton,Curtis",2.33
"Soma,Mani",3.6
"Selover,Stephanie",4.7
"Park,Soojin",2.7
"Lee,Seunghan",4.3
"Hauck,Scott",4.3
"Chun,Deborah",5.0
"Larson,Robert",5.0
"Van Meter,Lucas",4.2
"Sablan,Matthew",5.0
"Tan,Xu",1.7
"Teuton,Christopher",3.3
"Gupta,Abhinav",4.67
"Gloster,Anne-Marie",2.7
"Swaine,Michael",5.0
"Warfield,Elizabeth",5.0
"Pilz,Kristina",5.0
"Beardsley,Jonathan",1.67
"Hazelton,Ryan",3.0
"Vining,Adriana",4.67
"Tournay,Robert",2.0
"Rachamadugu,Ram",1.0
"Faubion,Todd",1.3
"Godfrey,Charles",1.0
"Isaksen,Tania",5.0
"Drusvyatskiy,Dmitriy",4.0
"Yaqub,Michael",5.0
"Ross,Joel",3.3
"Ahuvia,Mika",5.0
"Kim,Daisoon",1.3
"Chen,Ying-Chin",1.0
"Malik,Younsi",5.0
"Ruan,Cherie",5.0
"Aravkin,Sasha",3.3
"Reddy,Chandan",5.0
"West,Jevin",3.5
"Smit Vega Garcia,Mariana",5.0
"Farrell,Ginger",4.8
"Grollmus,Denise",5.0
"Naesby,Kristian",5.0
"Shinozuka,Jeannie",2.3
"Rybka,Gray",4.0
"Stanley,Stephanie",3.83
"Basu,Baishakhi",2.9
"Babbie,Tyler",2.1
"Farquharson,Gordon",5.0
"Sisay,Brukab",5.0
"MacDonald,Stuart",1.7
"Heller,Aixa",5.0
"Kim,Nguyen",3.0
"Basu,Sandip",4.0
"Fowler,Wilton",4.25
"Pengelly,Fritha",5.0
"Redkey,William",4.75
"MacRae,Gregory",2.5
"Pilat,Michael",2.25
"Brewster,Riley",5.0
"Keeler,John",1.25
"Youn,Nara",4.5
"Campbell,Patricia",3.0
"Eros,Peter",3.5
"Basta,Hidy",1.0
"Stone,Miriam",5.0
"Stein,Sarah",5.0
"Koch,Jurg",4.0
"Buchanan,M. Cecelia",2.0
"Bernstein,Ilene",5.0
"Cobb,Brian",4.0
"Forman,Michael",3.5
"Rubasky,",3.0
"Bardaro,Mike",4.75
"Jabbusch,Kelly",3.75
"Bierwirth,Maik",4.5
"Reskin,Barbara",3.0
"Jones,Bryan",3.25
"Sivaramakrishnan,Kalynakrishnan",1.75
"Tietze,Kiera",1.5
"Roach,Jesse",2.5
"Karlin,Anna",3.5
"Okada,Erica",2.0
"Chuk,Liz",5.0
"Nihan,Nancy",2.25
"Winglee,Robert",4.5
"Ozkan,Hande",2.75
"Zuberbuhler,Doug",4.0
"Hill,Trent",4.75
"Laschober,Paula",4.0
"Leeper,Thomas",4.0
"Larue,Dean",5.0
"Cheney,Doug",3.25
"Fong,Hanson",1.0
"Karjalainen,Anu",4.75
"Calian,Nicole",5.0
"Fulkerson,Heather",4.0
"Sherman,Alexie",3.25
"Storm,Derek",2.0
"Quemere,Ally",2.0
"Furness,Tom",5.0
"Soverel,Peter",4.25
"Shonlau,Rob",4.0
"de Mambro Santos,Ricardo",4.5
"Corbett,Steven",4.0
"Waterston,Robert",3.5
"Goetsch,Ellen",3.0
"Dietz,Martha",5.0
"Gile,Krista",2.75
"Johnson,David",4.75
"Hudson,Roxanne",2.75
"Steig,Eric",4.5
"Imai,Miyako",4.75
"Spanier,Ethan",4.0
"Watanabe,Kinuu",1.5
"Okada,Judy",5.0
"Driesback,Chad",3.5
"Yu-I,Peng",3.5
"Petty,Anne",4.75
"Mattick,Arthur",2.75
"Fisher,Jacob",4.75
"Kim,Kyeong-Hun",2.25
"Hoff,Peter",3.25
"Chung,Jaehyun",3.75
"Munoz,Maria",2.75
"Fitzgerald,Cheryl",5.0
"Flores,Alex",4.5
"Buelk,Samuel",4.5
"Piggot,William",4.5
"Bell,Katherine",3.5
"Santosh,Devasia",4.0
"Wallace,John",2.25
"Vargo,James",4.5
"Schiess,Peter",1.5
"Buttemer,Helen",5.0
"Curry,Marty",3.75
"Bacon,Dave",5.0
"Yu,Eunbi",4.75
"Cunha,Marcus",2.0
"Mones,Barbara",3.25
"Dehaan,Eduard",4.75
"Fulmer,Amanda",2.75
"Romano,Margaret",5.0
"Augerot,James",3.25
"Racz,Sarah",4.25
"Wilson,Samuel",2.75
"Suess,Becky",4.0
"Koski,Jennifer",5.0
"Geist,Anthony",4.25
"Kurosaka,Mitsuru",3.5
"Derman,Brandon",4.25
"Furrh,Douglass",4.25
"Gunn,Susan",2.75
"Makino,Momoe",4.75
"Cho,Sung Jin",4.25
"Wiley,Hannah",5.0
"Lockwood,Christopher",5.0
"Vandevender,Brent",4.5
"Mzcrok,Kristine",1.0
"Demiris,George",5.0
"Morales,Miguel",4.75
"Mouflard,Claire",5.0
"Durban,Matt",5.0
"O'Neill,Timothy",4.5
"Zhou,Ying",4.0
"Liu,Dong",4.25
"Kelley,Sonja J.",3.25
"Deak,Tim",5.0
"Sorenson,Clark",4.25
"Smith,Ron",5.0
"McKinney,Kacy",4.75
"Greenfest,Seth",3.75
"Beam,Colin",3.75
"Wan,Simon",3.25
"Shah,Sonali",3.5
"Markova,Mariana",2.5
"Xia,Fei",5.0
"Forrest,Kelly",5.0
"Leupp,Katrina",5.0
"Galvis,Juan",3.5
"Michael Justin,Freimuth",3.0
"Stark,James",5.0
"Chaterjee,Champak",3.75
"Eberhard,Marc O.",3.25
"Hoagland,Chasya",4.5
"Luo,Sui",4.5
"Miller,Jessica",5.0
"Beamon,Benita",3.0
"Hambrick,General",3.0
"Sarka,Ebasa",3.75
"Gonen,Tamir",4.75
"Quinn,Thomas",3.75
"Wallach,Jessica",5.0
"Berk,Seth",4.0
"Johnson,Tobias",5.0
"Bonjour,Lawrence",1.75
"Baig,Salman",5.0
"Gruen,Peter",3.25
"Partington,Michael",4.25
"Kessler,Christian",4.75
"Vyas,Poorvee",5.0
"Zhang,Hongyan",5.0
"Rolfe,George",3.5
"Dashkeev,Vladimir",3.0
"Leu,Janxin",3.5
"Arney,Giada",4.75
"Ammerlahn,Hellmut",3.25
"Brill,Winston",3.25
"Saxton,Matthew",1.5
"Nelson,Wendel",4.0
"Archer,Lauren",5.0
"Inoue,Yuka",5.0
"Hernandez,Morela",4.75
"Chantel,Prat",4.75
"Migliaccio,Giovanni",1.0
"Parsons,Amber",1.0
"Chen,Yeuan (Allen)",4.75
"Kato,Masashi",4.5
"Unwin,Molly",5.0
"Bryand,Aja",4.75
"Gabbay,Alyssa",4.75
"Schmitt,Thomas",1.0
"Hussain,Muzammil",3.25
"White,Natalie",3.25
"Dwyer,Anne",4.5
"Sars,Nick",5.0
"Hawkins,John David",4.5
"Harvey,Jacquelyn",4.75
"Barthel,Michael",4.25
"Hicks,Nathaniel",5.0
"Jordan-Squire,Christopher",5.0
"Shue,Jonathan",5.0
"Silberner,Joanne",5.0
"Puthuval,Sarala",4.5
"Edgar,Eugene",5.0
"Packard,Miriam",4.0
"Greenbaum,Anne",4.75
"Davies,Joshua",3.5
"Horwith,Micah",4.75
"Hodges,Robert",3.3
"Lee,Ha Na",2.75
"Mougous,Joseph",5.0
"McCabe,Robin",2.0
"Paquette,Glenn",1.75
"Erosheva,Elena",2.75
"Wampler,Emma",1.75
"Singh,Balbir",5.0
"Klimova,Anna",2.0
"Hämäläinen,Taija",5.0
"Emmerman,Karen",5.0
"Young,Thomas",2.25
"Weaver,Misty",3.0
"Dubovyk,Volodymyr",5.0
"Dusen-Sullivan,Kirsten",5.0
"Chon,Sora",2.5
"Holliday,Ava",5.0
"Hackett,Jacob",5.0
"Schebra,Stephen",3.0
"Hodges,Michael",4.0
"Fera,Amedeo",3.0
"Ernst,Michael",4.25
"Olsen,Berit",2.25
"Lopez,Jerry",2.5
"Modica,Aaron",3.5
"Murphy,Sean",4.75
"Lazowska,Ed",3.8
"Williams,Nathalie",5.0
"Smith,Patrick",4.25
"Anderson,Susan",5.0
"Jacroux,Richard",4.75
"Adman,Nicholas",5.0
"Koski-Karell,Daniel",4.75
"Balassone,Mary Lou",3.8
"Deyoung,Terri",5.0
"Rosado,Treza J",5.0
"Becerra,Rukmini",4.75
"Howe,Emily",4.25
"Park,Jonggun",3.25
"Way,Thaisa",4.5
"Krakenberg,Jasmin",5.0
"Gibb,Cody",4.5
"Schmidt,Miranda",5.0
"Hsieh,Gary",2.0
"Valenzuela,Dida",5.0
"Arola,Dwayne",4.5
"Shushan,Adrianne Audie",3.75
"Chan,Christopher",5.0
"McLean,Erin",3.75
"Womack,Malcolm",4.25
"Toth,Sandor",1.75
"Wang,Sam",2.8
"Henke,Alexander",1.75
"Bertany,Edward",5.0
"Mutti-Driscoll,Catherine",5.0
"Rodriguez,Noralis",4.5
"Tse,Justin",5.0
"To,Jeff",5.0
"Cox,Aaleen",5.0
"Klicka,John",4.0
"Carlson,Jacob",4.0
"Bolton,Susan",2.75
"Summers,Adam",3.25
"Skalski,John",2.0
"Kolat,Yigit",3.25
"Wan,Yali",4.75
"Hernandez,Olivia",4.5
"Pallanck,Leo",2.5
"Kotas,Jakob",3.5
"Shrestha,Raj",4.5
"Scher,Steve",5.0
"Sorensen,Larry",3.0
"Chen,Sophia",2.5
"Hemingway,Bruce",5.0
"Beda,Steven",5.0
"Dubeau,Mathieu",5.0
"Pietsch,Ted",4.25
"Bell,Thomas",4.75
"Nelson ,Garrett",4.75
"Urita,Michiko",5.0
"McCormack,Edward",4.75
"Jones,William",3.3
"Berg,John",5.0
"Toscano,Carolina",5.0
"Venters,Scott",3.75
"Tome,Joel",5.0
"Woodrow,Kim",4.25
"Halsey,Lauren",5.0
"Gillon,Nick",1.25
"Xie,Xinchen",1.25
"Watts,Julie",5.0
"Lewis,Jordan",4.75
"Cohen,Anna",4.5
"Wickhorst,Katherine",1.0
"Umphress,Elizabeth",4.5
"Lozar,Patrick",4.5
"Harris,Gregory",5.0
"Grobelski,Tiffany",5.0
"McCauley,Alexander",5.0
"Jones-Engel,Lisa",4.75
"Kim,Chang-Jin",1.5
"Hall,Alvis",2.8
"Burgin,Alexandra",4.8
"Tan,Yong",4.75
"Kumar,Vipin",3.0
"Ivaska,Ilmari",5.0
"Pinkham,Scott",3.5
"Bi,Nyan-Ping",4.5
"Paredez,Alexander",4.0
"Motley,Michael",4.3
"Dennison,Jean",3.75
"Wang,Junlan",4.5
"Ahlness,Ellen",4.5
"Chen,Jondou",5.0
"Sen,Keya",1.0
"Reisman,Andrea",5.0
"Pool,Thomas",3.25
"Smith,Maya",5.0
"Marin,Monica",2.0
"Tao,Jing",2.0
"Chaovalitwongse,W. Art",2.5
"Gerhardt,Bradley",4.5
"Monster,Ross",5.0
"Woo,Brent",4.3
"Kim,Deok-Ho",4.25
"Schlenker,Cody",5.0
"Edelman,Rachel",3.5
"Snyder,Jaime",2.25
"Nance,Elizabeth",4.3
"Pfaendtner,Jim",4.5
"Loucks-Jaret,Christine",5.0
"TUCKER,JEFFREY",3.0
"Riman,Manar",5.0
"Lee,Hon Leung",4.3
"Stone,Wendy",2.5
"Stocco,Andrea",2.0
"Morrill-McClure,Karen",1.0
"Gillespie,Katie",3.75
"Behling,Shawn",5.0
"Armour,Kyle",5.0
"Baseman,Janet",5.0
"Boulware,Taylor",5.0
"Hotz,Alysse",4.8
"Shih-Tang,Hwu",2.0
"Giachetti,Lorenzo",5.0
"Sprague,Tyler",4.0
"Weng,Yen-Chu",4.3
"Sun,Xidian",4.5
"Hinrichs,Randy",4.5
"Sarkar,Pushpak",3.25
"Reosti,Anna",2.8
"Banerjee,Ashis",1.5
"Bade,Nicole",1.25
"Day,Leanne",4.5
"Somashekhar,Mahesh",3.0
"Oshima,Ken",3.0
"Hahn,Andrew",5.0
"Mobrand,Kate",3.5
"Dagogo Jack,Sokiente",4.0
"Brewer,Bonita",3.5
"Whittaker,Joss",2.5
"Dorfsman-Hopkins,Gabriel",5.0
"Bolokhov,Pavel",1.5
"Wurpts,Bernd",2.0
"Myhre,Theodore",5.0
"Wang,Lidan",4.5
"Morris,Jacob",5.0
"Boynton,Geoffrey",5.0
"Turowski,Tabitha",5.0
"Maeda,Harumi",5.0
"Lee,Hee Eun Helen",5.0
"Kim,Woojoo",4.5
"Karmy-Jones,Safiya",5.0
"Wallace,Sophia",3.0
"Yeatman,Jason",3.5
"Clark,Heather",5.0
"Norako,Leila",4.5
"Evans,Garrett",4.5
"Hsu,Shih-Chieh",3.0
"Chen,Yen-Chi",1.0
"Buchanan,Patricia",3.5
"Louie,Cameron",4.5
"Svetinovic,Slaven",5.0
"Agarwal,Shikha",2.5
"Watkins,Trevor",4.0
"Ceze,Luis",5.0
"Brahmia,Suzanne",3.0
"Schabram,Kira",4.0
"Judd,Bettina",3.0
"Zhuang,Castiel",1.5
"Destin,Sarah",5.0
"Wang,Yiran",4.5
"Pasternack,Nancy",1.5
"Wilke,Sabine",2.5
"Richey,Jacob",2.5
"Craft,Brock",5.0
"Warren,Jonathan",1.3
"Renihan Legg,Diane",4.5
"Sullivan,Laura",5.0
"Routhwaite,Adair",1.0
"Gale-Schreck,Benjamin",3.0
"Durham,William",5.0
"Kent,Randy",2.3
"Li,King-Fai",2.5
"Mitchell,Ryan",3.5
"Meyers,Stephen",3.8
"Kamara,Avraham Avi",3.8
"Lee,Claire",2.5
"Grant,Stephanie",5.0
"Lenz,Tanya",3.0
"Wynn,John",5.0
"Grunbaum,Branko",3.5
"Erickson,Gary",3.5
"Chan,Anthony (tony)",4.5
"Ballard,Lincoln",3.0
"Keifer,Matthew",5.0
"Bozarth,George",5.0
"Ortung,Tammy",1.5
"Beauchaine,Ted",4.0
"Alita,Guzman",5.0
"Hickerson,Andrea",5.0
"Wright,David",5.0
"Walcott,Nathan",5.0
"Centerwall,Brandon",3.5
"Likosky,Marilyn",1.5
"Valette,Jerome",5.0
"Sydney,Roland",5.0
"Glidden,Lisa",5.0
"Hayes,Adrienne",5.0
"Walker,Robert",3.5
"Blaine,Patrick",4.5
"Jackson,Maggie",3.5
"Hoppen,Bob",1.0
"Tanner,Chuck",5.0
"Flaherty,Brian",1.0
"Creager,Ken",4.0
"Baldasty,Gerald",3.5
"Tanner,Charles",5.0
"Perry,Michael",4.5
"Berman,Heidi",3.5
"Strahm,Brian",5.0
"Proby,Timothy",1.0
"Neylan,Callie",1.0
"Peterson,Gene",4.5
"Bourns,Brenda",4.0
"Rangel,David",1.5
"Novak,Beth",4.0
"Monroe,Allen",5.0
"Carthum,Matthew",5.0
"Anderson,Robin",4.0
"Kornrich,Sabino",3.5
"Nolan,Richard",5.0
"Yi,Jean",5.0
"Murphy,Brian",1.5
"Patel,Dan",5.0
"Thomas,Jeremy",5.0
"Madrid,Angie",5.0
"White,Mike",4.5
"Joscelyn,Eric",5.0
"Kunkel,Chris",3.0
"Goss-Grubbs,David",3.5
"Rich,Casey",4.5
"Eugene,Edgar",5.0
"White,David",3.0
"Waterman,Benjamin",3.5
"Vellela,Melissa",5.0
"Schmoyer,Susan",3.0
"Wu,Jie",5.0
"Burgstahler,David",5.0
"Garner,Michelle",5.0
"Bauman,Chris",2.0
"O'Malley,Robert",4.5
"McKinney,Kara",2.0
"Heckel,Blayne",3.5
"Campbell,Jason",5.0
"Lee,Cheng-Chun",2.0
"Sims,Chancellor",2.0
"Cochrane,Barbara",3.5
"Derby,Nathaniel",4.5
"Nicholas,Robert",1.0
"Nagda,Biren",5.0
"Koenning,Katharina",5.0
"Kastbjerg,Kirstine",5.0
"Cozen,Brian",5.0
"Flaming,Jay",4.5
"Philips,Colby",2.5
"Morrill,William",4.5
"Jordan,Pamela",1.0
"Mitchell,Sean",3.0
"Cannady,Kimberly",5.0
"Kirkinis,Elefterios",4.5
"Benson,Chuck",1.0
"Chang,Ching-Chieh",2.5
"Rhoades,Lance",5.0
"Liaw,Susanne",2.0
"Petraesk,Stanislav",1.5
"Lund,Arnold",1.5
"Erickson,Laura",4.0
"Hendry,David",1.0
"Larsen,Brian",3.5
"Fredericks,Rachel",5.0
"Seitz,Steven",1.0
"Siegel,Stephan",4.0
"Thielmann,Heidi",4.0
"Pong,Ting Kei",4.5
"Brandl,Klaus",5.0
"Hakala,Leann",5.0
"Close,Angela",2.5
"Osborn,Brad",5.0
"Cordova,Dorothy",5.0
"Fox,Nancy",5.0
"Whitrock,Jana",5.0
"McGann,Christopher",5.0
"Kirk,Alex",5.0
"MacCorkle,Kate",5.0
"Watt,Michael",5.0
"Luchtel,Daniel",5.0
"Chance,Maia",3.0
"Bilbo,Davy",2.0
"Illich,Lisa",1.5
"Doellefeld,Christoph",4.5
"Herting,Jerry",4.5
"Susarla,Anjana",3.0
"Yoo,Mina",3.0
"Ritcey,James",2.0
"You,Setthivoine",4.0
"Bluhm,Dustin",5.0
"McGrath,Ciara",5.0
"Cantor,Ross",1.0
"Alford-Bashaw,Ashley",5.0
"Johnson,Mikala",2.5
"Fisher,Shauna",5.0
"Saxberg,Borje",2.5
"Miyata,Edwin",4.5
"Patakfalvi,Zsolt",5.0
"Kerr,Donna",2.0
"Ovchinnikova,Ekaterina",3.0
"Banik,Tenley",5.0
"Wilbanks,Dylan",5.0
"Shapiro,David",5.0
"Holmquist,Barbara",4.0
"Behler,Diana",3.0
"Hughes,Seam",5.0
"Adee,Bruce",4.5
"Sheppard,Craig",4.0
"Lin,Yuan",4.5
"Matthews,Steven",2.5
"Nelson,Peter",2.0
"Kelly,Brook",5.0
"Scheideman,Jason",1.0
"Scheufler,Eric",5.0
"Feldman,Erika",3.0
"Kohlmeyer,Bliss",5.0
"Tekotte,Britta",3.5
"Franklin,Jeshua",5.0
"Beebe,Lisa",5.0
"Lombard,John",4.5
"Obbards,Nathan",1.5
"Canfield-Budde,David",5.0
"Loebman,Sarah",5.0
"Hellman,Donald",4.0
"Shorte,Heather",4.0
"Rao,Rajesh",5.0
"Hsu,Lin-Chi",2.0
"Yip,Chak Lam",4.5
"Greaves,Richard",1.0
"Dunkin,David",5.0
"Sullivan,Jessica",3.5
"Morka,Agata",5.0
"Olson,Maynard",1.0
"Powell,Janet",4.0
"Irving,Ron",4.5
"Demorest,Steven",5.0
"Sanchez,Antonio",5.0
"Paul,Sudip",1.5
"Sweet,Eric",2.0
"Forest,Adam",3.0
"Wasser,Samuel",1.5
"Preszler,Jason",2.0
"Hamberg,Stephan",4.5
"Brewer,Matt",4.5
"Howard,Michael",5.0
"Thornock,Jacob",5.0
"Wortzman,Brett",5.0
"Schruth,Caroline",5.0
"Trainor,Meghan",4.5
"Catling,David",4.0
"Lawarree,Jacques",5.0
"Lassen,Amy",5.0
"Dove,Katja",5.0
"Yeo,Jeomja",5.0
"Stamper,Rob",5.0
"Elg,Aija",5.0
"Torres,Nicole",5.0
"Schwab,Eric",5.0
"Hill,Heather",4.0
"Montgomery,Dave",5.0
"Pogwizd,Leah",4.5
"Moench,Peter",5.0
"Lebo,Kate",5.0
"Morris,Robert",4.0
"Gamble,Chris",2.0
"McFarling,Usha",5.0
"Eshleman,Laura",4.0
"Mai,Hui",3.5
"Mount,Jill",1.5
"Lindholm,Philip",5.0
"Bass,Zach",4.5
"Thomas,Timothy",5.0
"Moskalik,Janice",4.0
"House,Peter",2.5
"Evans,Dan",5.0
"Parpoulova,Petia",2.5
"Grout,Thomas",5.0
"Mendoza,Simon",4.0
"Huang,Yufan",4.5
"Hutchens,Walter",5.0
"Melbo,Wesley",5.0
"Scott,Taylor",5.0
"Judith,Laughlin",4.0
"Pagano,Annamaria",5.0
"Evans,David",1.5
"Kim,Seik",4.5
"Rhines,Peter",2.5
"Christian,Joy",4.5
"Bodnar,Erin",5.0
"McAvoy,Alex",5.0
"Ceron Valdes,Mario",3.5
"Montgomery,Lauren",1.0
"Niceley,Katherine",5.0
"Jordan,Amy",5.0
"Andrews,Walter",4.5
"Yang,Joyce",5.0
"Rae,James",5.0
"McCalden,Katherine",4.5
"Hassairi,Nail",4.5
"Monroe-Cooke,Brenna",5.0
"Tsutsui,Michio",5.0
"Thomas,David",4.5
"Melniciuc,Margarita",4.5
"Matthews,Carrie",4.0
"Pasternack,Jonathon",1.0
"Akey,Josh",4.0
"Zheng,Xiqing",2.0
"Cardillo,Gina",2.0
"Caday,Peter",5.0
"Lilje,Nathan",5.0
"Chinn,Logan",4.0
"Lewis,Britt",5.0
"Destler,Katharine",1.0
"Kroiss,Steve",4.5
"Collins,Brian",5.0
"Cooper,Betsy",5.0
"Sullivan,Kirsten",4.5
"Lin,Bennett",4.0
"Rankin,Leah",3.5
"Madison,Elizabeth",4.5
"Smith,Richard",1.5
"Ramsey-Bammert,Gaye",4.5
"Black,Russell",5.0
"Clifton,Scott",4.0
"Packel,Adrian",5.0
"Swanson,Jonathan",1.0
"Davis,Katie",5.0
"Cline,Amy",4.5
"Haines,Emily",5.0
"Huntleigh,Amanda",5.0
"Stappenbeck,Cindy",5.0
"Robbins,Derek",4.0
"Langley,Bridget",5.0
"Nech,Aaron",5.0
"Avery,Ryan",5.0
"Foucher,Clementine",5.0
"Rim,Donsub",4.0
"Rodriguez-Pastor,Ana",4.5
"Florez Perez,Martha",3.5
"Ney,Peter",5.0
"Vaughan,Miceal",3.0
"Chamberlain,James",3.0
"Jain,Shailendra",1.0
"Clayton,Andrew",5.0
"Dubiel,Veit",5.0
"Liu,Jing",2.0
"Arias,Abel",4.0
"Jalilipour Alishah,Elnaz",4.5
"Martinez,Vicente",5.0
"Belyayev,Alexey",1.0
"Ahn,Hyun Jung",5.0
"Chanez,Andrew",5.0
"Arteaga,Rachel",5.0
"Citrin,David",5.0
"Morris,Brett",5.0
"Roberto,Michael",5.0
"Burch,Tyler",5.0
"Loucks,Kyle",4.5
"Meeker,Kathleen",3.0
"Kaeberlein,Matt",5.0
"Scullion,Jason",4.5
"Anderson,Chris",5.0
"Donaldson,Ashley",5.0
"Parslow,Joakim",5.0
"Bruns,Angela",5.0
"Edwards,Paul",1.0
"GE,Weili",5.0
"Lenferna,Georges",4.5
"Reichard,Sarah",5.0
"Theobald,Roderick",5.0
"Aragon,Cecilia",5.0
"Berninger,Virginia",1.0
"Ahmad,Jameel",5.0
"Lathe,Chloe",4.5
"Etnyre ,William",4.0
"Affolter,Emily",5.0
"Kelley,Deborah",3.5
"Richardson,Thomas",4.0
"Thorne,John ",3.5
"Rehkop,Dolph",5.0
"Tuscano,Carolina",4.5
"Schiff,Melissa",5.0
"Montoya Perez,Heidi",1.5
"Augerot,James",4.0
"Dukes,Roland",3.0
"Su,Yang",2.5
"Maxwell,Michael",5.0
"Carll,Erin",5.0
"Meshke,John",5.0
"Wang,Wenhan",5.0
"Jones,Elisabeth",4.5
"Thorpe,Maggie",5.0
"Spence,Leah",3.0
"Baldwin,Kevin",5.0
"Goeden,Cassidy",5.0
"Sawada,Kim",1.0
"Martinkova,Patricia",3.5
"Lorig,Matthew",4.5
"Maureen,Kennedy",1.0
"Mahoney,Joe",4.5
"Larson,Tim",4.5
"Hunt-Walker,Nicholas",4.5
"Rodgers,Cyrus",5.0
"Campoy,Adriana",3.5
"O'donald,Megan",1.5
"Sundstrom,Jacob",3.5
"Huang,Jingtao",4.0
"Russ,Karina",5.0
"Dowden,Patricia",1.0
"Van Huele,Yannick",5.0
"Lo,Kyle",5.0
"McGlynn-Wright,Annie",5.0
"Williams,Alan",1.0
"Engle,Abraham",4.0
"Ding,Ziran",4.5
"Simon,Noah",5.0
"CHRISTINA,TAPIA",4.5
"Parsons,Marilyn",1.0
"Lefthand-Begay,Clarita",5.0
"wood,robert",5.0
"Epstein,Jonathan",5.0
"Harmon,James",4.0
"Jennings,Sara",4.5
"Maddox,Ross",5.0
"Boechler,Nicholas",3.5
"Bandaogo,Mahama",2.0
"Swann,Abigail",1.0
"Rishi,Susmita",3.0
"Lei,Chi Hou",5.0
"Stofleth,Daniel",4.5
"Morris,Julia",5.0
"Kang,Haein",2.0
"Feller,Traci",5.0
"Weatherford,Alan-Michael",5.0
"Dowell,Courtney",5.0
"Granato,Hollie",5.0
"Carney,Megan",2.5
"Young,Tatiana",5.0
"Horner-Devine,Alex",5.0
"Parks,Elizabeth",5.0
"McKenna ,Kevin",5.0
"Wang,Zhenan",4.0
"Borror,Patrick ",1.0
"Pierce,Deborah",2.0
"Carter,Michelle",3.5
"Dhar,Amrit",5.0
"Hitchman,Matthew",5.0
"Beck,Linda",2.0
"Munson,Sean",4.5
"Murray,Alex",5.0
"Grant,Jenna",3.5
"Cruz,Julio",1.0
"Lowy,Christopher",5.0
"Siebenthall ,Kyle",1.0
"Roeder,Charles",2.0
"Holleman,Elizabeth",2.5
"Bedard-Gilligan,Michele",3.5
"Magaret,Amalia",2.0
"Evans,Albert",3.0
"Barns,Rory",3.0
"Shelton,Holly",5.0
"Rowangould,Dana",5.0
"Blaney,Justin",4.5
"Osborne,Paul",4.5
"McMeekin,Kelly",4.5
"Myrtil,Martine",2.0
"Zang,Dongsheng",5.0
"Bagley,Sylvia",4.5
"Wu,Jianqing Fisher",1.0
"Deforest,Cole",3.5
"Grazewski,Michael",4.5
"Oishi,Tanya",1.0
"Thompson,Mary Lou",4.0
"Ornelas,India",1.5
"Ceriale,Will",5.0
"Levy,Avi",4.0
"Chen,Ciao-Wei",4.0
"Eckard,Jason",2.0
"Cossairt,Brandi",4.5
"Mohler,Justin",5.0
"Xu,Jason",5.0
"Oh,Soojin",3.5
"Rockett,Matthew",5.0
"Sobolewska,Monika",3.5
"Karimi,Seyed",5.0
"Schaumberg,Ned",5.0
"Turnblom,Eric",5.0
"Fong,Keng",5.0
"Tourniaire,Guillaume",4.0
"MackenZie,Devin",4.0
"Heberling,Lydia",4.5
"Haakanson,Sven",3.5
"Sanders,Elizabeth",4.0
"Albu,Ruxandra",4.0
"Cameron,James",2.0
"Nijssen,Bart",5.0
"Brinkman,Braden",4.0
"Gonzalez,Carmen",4.0
"McClelland,Jesse",4.0
"Coggins,Truman",4.0
"Stergachis,Andreas",4.0
"Textor,Cindi",2.5
"Nam,Hwasook",3.5
"Garlapati,Jay",1.0
"Bonus,Rick",3.0
"Abedin,Nandini",5.0
"Thomas,Wendy",4.0
"Rockhill,Taylor",1.0
"Lindberg,Morgan",5.0
"Mangan,Niall",3.0
"Pavia,Robert",5.0
"Junge,Matthew",5.0
"Freeman,Julie",2.0
"Roe,Gerard",3.0
"Le,Tom",2.0
"Moussi,Chadi",4.0
"Barnes,Rory",5.0
"Cordero,Carrie",5.0
"Rahbee,David",4.0
"Iranon,Nicole",5.0
"Wiebe,Amy",5.0
"Mahad,Abdi",5.0
"Wagner,Anne",5.0
"Kahraman,Filiz",4.0
"Dittbrenner,Ben",5.0
"Glassman,Debra",4.0
"Dunford,Damian",5.0
"Retman,Sonnet",4.0
"Rao,Rohit",5.0
"Larson,Anna",1.0
"Vereen,Keon",5.0
"Hand,Jordan",5.0
"Eskew,Joshua",3.0
"Ganti,Anjulie",3.0
"Merino-Cruz,Jimmy",5.0
"St. Albin,Sarah",5.0
"Whittingham,Luke",5.0
"Smith,Jeffrey",5.0
"Basikoro,Eloho",1.0
"Kim,Hyein (Amber)",5.0
"Shams,Shahrzad",4.0
"Krishnakumar,Jyotsna",2.0
"McKeever,Katie",5.0
"Bou Ayash,Nancy",1.0
"Beam,Randall",4.0
"Arroyave,Juan",5.0
"Wunderlich,Joey",5.0
"Gaylard,Susan",3.0
"Berry,Michael",2.0
"Morrison,Steven",5.0
"Bezruchka,Stephen",4.0
"Berríos-Miranda,Marisol",5.0
"Bak,Nahyeon",5.0
"Adeyemi,Kemi",5.0
"Vianna,Laura",5.0
"Lunderman,Shelby",5.0
"Ranchigoda,Tanya",5.0
"Hansen,Morten",3.0
"Petersen,Shane",3.0
"Sisay,Bukrab",5.0
"Arthur,Meagan",5.0
"Burgess,Hailey",5.0
"Wrenn,Christopher",5.0
"Patin,Beth",3.0
"Starritt,Matthew",5.0
"Huang,Yue",2.0
"Lopez Vergara,Sebastian",2.0
"Devanur,Tejas",4.0
"Riley,James",4.0
"Henry,Theresa",4.0
"Savage,Phil",5.0
"Black,Caroline",5.0
"Fling,Brian",4.0
"Legout,Nina",2.0
"West,Penelope",5.0
"Howell,Kristen",5.0
"Mckenzie,Tylir",5.0
"Istanbulluoglu,Erkan",4.0
"Schlesinger,Lauren",3.0
"White,Suzanne",4.0
"Rompogren,Justina",4.0
"Connaughton,Charles",5.0
"Lee,Adrian",4.0
"Kim,Andy",5.0
"Boyle,Elizabeth",1.0
"Oehme,Annegret",4.0
"Crowley,John",5.0
"Mazza,James",4.0
"Fanning,Kelsey",1.0
"Jonker,Jonathan",4.0
"Thompson,James",4.0
"Curtis,Asher",3.0
"Sun,Min",4.0
"Hwang,Jenq-Neng",4.0
"Clemmons,Alexa",1.0
"Eun,Dong-Jae",5.0
"Cooper,Joyce",5.0
"LeBlanc,David",5.0
"Averill,Michelle",5.0
"Keough,William",1.0
"Vogliano,Chris",5.0
"Oliverio,David",1.0
"Teng,Fangzhen",2.0
"Rocap,Gabrielle",2.0
"Gibbons,Stephanie",3.0
"Ybarra,Megan",4.0
"ZUBEREC,SARAH",3.0
"Harris,Kieth",5.0
"Fox,Dieter",5.0
"Galliford,Ryan",4.0
"Levy,La TaSha",4.0
"Rueda,Antonio",5.0
"Haim,Mark",5.0
"Jin,Ding",4.0
"Schleitwiler,Vincent",2.0
"Sherk,Helen",2.0
"Davies,Samantha",5.0
"Day,Jennifer",4.0
"Bhatia,Vivaan",5.0
"Anderson,Todd",5.0
"Swanson,Terry",5.0
"Koster,Lawrence",2.0
"Davis,Brisa",3.0
"Zeng,Yao",4.0